id,url,name,price,servings,serving_size,cost_per_serving,calories,protein,total_fat,trans_fat,saturated_fat,cholesterol,total_carbs,sugars,total_sugars,added_sugars,sodium,fiber,iron,potassium,vit_a,vit_c,calcium,trans_fat,vegan,gluten_free,kosher
4652,https://www.traderjoes.com/fearless-flyer/article/4652,For the Love of Chocolate Cake,3.99,3.0,Serving size 1/3 cake (87g),1.33,350,4,20,0,8,20,44,31,,,200,3,,,,,,0,0,0,0
4653,https://www.traderjoes.com/fearless-flyer/article/4653,Pancake Bread,3.99,8.0,Serving size 1/8 loaf (53g),0.49875,190,2,10,0,2.5,25,25,15,15,15,230,0,,,,,,0,0,0,0
4654,https://www.traderjoes.com/fearless-flyer/article/4654,Pizza Crusts,3.49,8.0,Serving size 1/4 crust (55g/1.9 oz),0.43625,150,5,2.5,0,0,0,28,1,,,330,1,,,,,,0,0,1,0
4655,https://www.traderjoes.com/fearless-flyer/article/4655,Sprouted Wheat Sourdough,3.99,20.0,Serving size 1 slice (24g),0.1995,90,7,0,0,0,0,14,1,1,,170,2,0.8,60,,,10,0,0,0,0
4656,https://www.traderjoes.com/fearless-flyer/article/4656,Almond Cashew Macadamia Beverage,2.29,4.0,Serving size 1 cup (240mL),0.5725,30,,2.5,0,0,0,1,0,0,0,120,,0.3,30,,,160,0,0,0,0
4657,https://www.traderjoes.com/fearless-flyer/article/4657,Cold Pressed Green Juice,3.99,1.0,Serving size 1 bottle (450mL),3.99,100,5,0,0,0,0,20,11,,,320,1,,,,,,0,0,0,1
4658,https://www.traderjoes.com/fearless-flyer/article/4658,Joe Coffee,3.99,,,,,,,,,,,,,,,,,,,,,,0,0,0
4659,https://www.traderjoes.com/fearless-flyer/article/4659,Matcha Green Tea,6.99,7.0,Serving size 1 packet (1.5g),0.9985714285714286,,0,0,0,0,0,,0,0,0,0,,,,,,,0,0,0,0
4660,https://www.traderjoes.com/fearless-flyer/article/4660,Organic Power of 7 Juice,3.99,4.0,Serving size 8 fl oz (240mL),0.9975,110,1,0,0,0,0,28,25,,,30,0,,,,,,0,0,0,0
4661,https://www.traderjoes.com/fearless-flyer/article/4661,French Fromage Slices,4.99,8.0,Serving size 1 slice (25g),0.62375,100,5,9,0,6,30,0,0,0,0,125,0,0,10,,,140,0,0,0,0
4662,https://www.traderjoes.com/fearless-flyer/article/4662,Organic Shredded 3 Cheese Blend,4.49,8.0,Serving size 1oz (28g/ 1/4 cup),0.56125,100,7,8,0,5,25,,0,0,0,170,0,0.1,30,,,200,0,0,0,0
4663,https://www.traderjoes.com/fearless-flyer/article/4663,Toscano with Black Pepper,9.99,,Serving size 1 oz (28g),,120,7,10,0,5,30,0,0,,,170,0,,,,,,0,0,0,0
4664,https://www.traderjoes.com/fearless-flyer/article/4664,Channa Masala,2.29,2.0,Serving size 1/2 package (142g),1.145,180,6,9,0,2,5,19,8,,,460,6,,,,,,0,0,0,0
4666,https://www.traderjoes.com/fearless-flyer/article/4666,Gone Berry Crazy,2.29,4.0,Serving size 6 pieces (38g),0.5725,100,,3.5,0,2.5,0,15,12,12,5,20,2,1,90,,,30,0,0,0,0
4668,https://www.traderjoes.com/fearless-flyer/article/4668,Organic Green Vegetable Foursome,2.99,4.0,Serving size 2/3 cup (85g),0.7475,30,1,1.5,0,0.5,0,3,0,0,0,90,2,0.8,210,,,30,0,0,0,0
4669,https://www.traderjoes.com/fearless-flyer/article/4669,Organic Wild Blueberries,2.99,2.5,Serving size 1 cup (140g),1.1960000000000002,80,0,0,0,0,0,20,15,15,0,5,5,0.4,60,,,10,0,0,0,1
4670,https://www.traderjoes.com/fearless-flyer/article/4670,Riced Cauliflower Bowl,2.99,2.5,Serving size 1 cup (119g),1.1960000000000002,120,5,7,0,1,0,11,2,2,0,160,3,1.7,250,,,90,0,1,0,0
4671,https://www.traderjoes.com/fearless-flyer/article/4671,Steel Cut Oatmeal,1.79,2.0,Serving size 1 package (227g),0.895,150,5,2.5,0,0,0,27,7,,,40,4,,,,,,0,0,0,0
4673,https://www.traderjoes.com/fearless-flyer/article/4673,Italian Spaghetti,0.99,,,,,,,,,,,,,,,,,,,,,,0,0,0
4674,https://www.traderjoes.com/fearless-flyer/article/4674,Jaipur Vegetables,1.99,2.0,Serving size 2/3 cup (140g),0.995,180,6,13,0,3.5,15,12,5,,0,420,3,1.4,230,,,80,0,0,0,1
4675,https://www.traderjoes.com/fearless-flyer/article/4675,Madras Lentils,1.99,2.0,Serving size 2/3 cup (140g),0.995,150,7,6,0,3,15,17,1,1,0,510,5,2.1,360,,,40,0,0,0,1
4676,https://www.traderjoes.com/fearless-flyer/article/4676,Marinara with Barolo Wine,3.49,5.0,Serving size 1/2 cup (125g),0.6980000000000001,100,2,5,0,0.5,0,11,6,6,0,540,2,,,,,,0,0,0,0
4677,https://www.traderjoes.com/fearless-flyer/article/4677,Organic Coconut Almond Chia Cereal,3.99,7.0,Serving size 2/3 cup (55g),0.5700000000000001,220,6,4,0,1,0,42,7,,,95,5,,150,,,,0,0,0,1
4678,https://www.traderjoes.com/fearless-flyer/article/4678,Spanish Organic Extra Virgin Olive Oil Spray,2.99,366.0,Serving size 1/3 second spray (0.37g),0.008169398907103826,,0,0,0,0,0,0,0,,,0,0,,,,,,0,0,0,1
4679,https://www.traderjoes.com/fearless-flyer/article/4679,Organic Toasted Sesame Dressing,3.49,12.0,Serving size 2 Tbsp (30mL),0.29083333333333333,130,,13,0,1.5,0,4,3,3,3,200,0,,,,,,0,0,0,0
4680,https://www.traderjoes.com/fearless-flyer/article/4680,Tikka Vegetables,1.99,2.0,Serving size 2/3 cup (140g),0.995,150,4,8,0,4,15,16,5,5,0,340,3,1.6,320,,,40,0,0,0,1
4681,https://www.traderjoes.com/fearless-flyer/article/4681,Umami Seasoning Blend,2.99,60.0,Serving size 1/4 tsp. (1g),0.049833333333333334,,0,0,0,0,0,0,0,0,0,140,0,0,0,,,0,0,0,0,0
4682,https://www.traderjoes.com/fearless-flyer/article/4682,Yellow Tadka Dal,1.99,2.0,Serving size 2/3 cup (140g),0.995,130,6,5,0,2,5,17,0,0,0,400,4,1.8,380,,,50,0,0,0,1
4683,https://www.traderjoes.com/fearless-flyer/article/4683,Malabari Paratha,1.99,10.0,Serving size 1/2 piece (40g),0.199,120,3,3.5,0,0.5,0,20,1,1,1,120,1,0.7,40,,,10,0,0,0,0
4684,https://www.traderjoes.com/fearless-flyer/article/4684,Double Dozen Tulips,10.99,,,,,,,,,,,,,,,,,,,,,,0,0,0
4685,https://www.traderjoes.com/fearless-flyer/article/4685,Dozen Roses,12.99,,,,,,,,,,,,,,,,,,,,,,0,0,0
4686,https://www.traderjoes.com/fearless-flyer/article/4686,Dozen Roses in a Vase,17.99,,,,,,,,,,,,,,,,,,,,,,0,0,0
4687,https://www.traderjoes.com/fearless-flyer/article/4687,Josie’s Mandarins,4.99,,,,,,,,,,,,,,,,,,,,,,0,0,0
4688,https://www.traderjoes.com/fearless-flyer/article/4688,Mirepoix,2.99,5.0,Serving size 3 oz (85g),0.5980000000000001,30,,0,0,0,0,6,3,,,40,2,,,,,,0,0,0,0
4690,https://www.traderjoes.com/fearless-flyer/article/4690,Turkey Corn Dogs,2.99,4.0,Serving size 1 corn dog (71g),0.7475,150,6,4.5,0,1.5,20,22,5,,,610,1,,,,,,0,0,0,0
4691,https://www.traderjoes.com/fearless-flyer/article/4691,Organic Creamy Tomato Soup,2.69,4.0,Serving size 1 cup (240 mL),0.6725,100,5,2,0,1.5,10,16,10,,,750,1,,500,,,,0,0,1,1
4693,https://www.traderjoes.com/fearless-flyer/article/4693,Organic Petite Sweet Potato Medley,2.99,,,,,,,,,,,,,,,,,,,,,,0,0,0
4694,https://www.traderjoes.com/fearless-flyer/article/4694,All Natural Stew Meat,8.49,,Serving size 4 oz (113g),,140,23,4,0,2,70,2,0,,,75,0,,,,,0,0,0,0,0
4695,https://www.traderjoes.com/fearless-flyer/article/4695,Avocado’s Number Guacamole To Go,3.99,6.0,Serving size 1 pack (57g),0.665,100,1,9,0,2.5,0,4,,,,300,2,,,,,,0,0,0,0
4696,https://www.traderjoes.com/fearless-flyer/article/4696,Boneless Center-Cut Pork Loin Chops,6.49,,Serving size 4 oz (112g),,190,23,10,0,3.5,75,0,0,0,0,60,0,0.9,380,,,30,0,0,0,0
4697,https://www.traderjoes.com/fearless-flyer/article/4697,Mushroom Medley Alfredo Sauce,4.99,6.0,Serving size 1/4 cup (57g),0.8316666666666667,120,3,11,0,5,30,3,2,2,0,260,0,0.1,70,,,80,0,0,0,0
4698,https://www.traderjoes.com/fearless-flyer/article/4698,Organic High Protein Tofu,2.49,5.0,Serving size 3 oz (84g/about 1/5 pkg),0.49800000000000005,130,14,7,0,1,0,3,0,0,0,15,0,,,,,,0,1,0,1
4699,https://www.traderjoes.com/fearless-flyer/article/4699,Organic Hearty Minestrone Soup,3.99,2.5,Serving size 1 cup (244g),1.596,100,4,2,0,0,0,17,4,4,0,630,3,,,,,,0,0,0,0
4700,https://www.traderjoes.com/fearless-flyer/article/4700,Organic Pea Soup,3.99,2.5,Serving size 8 oz (227g),1.596,90,4,3,0,0,0,13,6,,,530,3,,,,,,0,1,0,0
4701,https://www.traderjoes.com/fearless-flyer/article/4701,Homestyle Salsa Especial Medium,2.99,11.0,Serving size 2 Tbsp (30g),0.27181818181818185,10,0,0,0,0,0,1,,,0,160,0,,,,,,0,0,0,0
4702,https://www.traderjoes.com/fearless-flyer/article/4702,Sweet Italian Sausage & 4 Cheese Ravioli,3.49,2.5,Serving size 1 cup (100g),1.3960000000000001,240,13,13,0,5,25,20,0,0,0,160,0,0.2,140,,,80,0,0,0,0
4703,https://www.traderjoes.com/fearless-flyer/article/4703,Roasted Garlic Hummus,1.99,8.0,Serving size 2 Tbsp (28g),0.24875,60,2,4.5,0,0.5,0,4,1,,,125,1,,,,,,0,0,0,1
4704,https://www.traderjoes.com/fearless-flyer/article/4704,Whole Milk Greek Yogurt With Honey,4.99,4.0,Serving size 1 cup (227g),1.2475,300,8,17,0,10,70,28,24,,,110,0,,290,,,,0,0,0,1
4705,https://www.traderjoes.com/fearless-flyer/article/4705,Chili & Lime Rolled Corn Tortilla Chips,2.49,9.0,Serving size 1oz (28g/about 15 chips),0.27666666666666667,150,2,8,0,0.5,0,17,0,0,0,260,2,0.6,80,,,20,0,0,0,0
4706,https://www.traderjoes.com/fearless-flyer/article/4706,Dark Chocolate Covered Raisins,3.99,11.0,Serving size 1/4 cup (40g),0.36272727272727273,190,2,6,0,3.5,0,32,22,,,0,2,,,,,,0,0,0,1
4707,https://www.traderjoes.com/fearless-flyer/article/4707,Dark Chocolate Sunflower Seed Butter Cups,0.99,1.0,Serving size 2 pieces (40g),0.99,230,4,18,0,7,0,16,11,11,11,95,3,,,,,,0,0,1,1
4708,https://www.traderjoes.com/fearless-flyer/article/4708,Half Salt Roasted Pistachios,6.99,8.0,Serving size 1/4 cup nuts without shells (30g/about 1/2 cup with shells),0.87375,180,6,14,0,1.5,0,9,3,,,80,3,,,,,,0,0,0,0
4709,https://www.traderjoes.com/fearless-flyer/article/4709,Heirloom Popcorn,1.99,4.0,Serving size 2 cups (30g),0.4975,180,2,14,0,1.5,0,13,0,0,0,115,2,0.5,60,,,0,0,0,1,0
4710,https://www.traderjoes.com/fearless-flyer/article/4710,Joe-Joe’s Slims,1.99,9.0,Serving size 4 cookies (33g),0.22111111111111112,150,2,5,0,2,0,24,12,12,12,110,1,1.8,100,,,0,0,0,0,1
4711,https://www.traderjoes.com/fearless-flyer/article/4711,Organic Blue Corn Tortilla Chips,2.99,12.0,Serving size 8 chips (28g/1oz),0.24916666666666668,130,3,9,0,1.5,0,17,0,,,40,2,,,,,,0,0,1,1
4712,https://www.traderjoes.com/fearless-flyer/article/4712,Organic Honey Hedgehog Cookies,2.99,6.0,Serving size 1 pack (28g/1oz),0.49833333333333335,110,2,4,0,1.5,5,18,7,7,7,115,1,0.5,50,,,100,0,0,0,1
4713,https://www.traderjoes.com/fearless-flyer/article/4713,Organic Vanilla Wafers,3.49,9.0,Serving size 6 cookies (30g),0.3877777777777778,110,2,4.5,0,3,15,16,8,8,8,125,2,0.5,50,,,30,0,0,0,0
4714,https://www.traderjoes.com/fearless-flyer/article/4714,Pita Bite Crackers,2.49,6.0,Serving size about 9 (28g),0.41500000000000004,120,3,3.5,0,0,0,19,0,,,135,1,,,,,,0,0,0,0
4715,https://www.traderjoes.com/fearless-flyer/article/4715,Simply Nutty Bars,4.99,5.0,Serving size 1 bar (40g),0.998,200,7,16,0,2.5,0,14,5,,,100,7,,,,,,0,0,0,0
4716,https://www.traderjoes.com/fearless-flyer/article/4716,Soft Honey Nougat,3.49,4.0,Serving size 2 pieces (30g),0.8725,110,2,2.5,0,0,0,21,11,11,11,25,3,0.2,50,,,20,0,0,0,1
4717,https://www.traderjoes.com/fearless-flyer/article/4717,Sun Dried Apricots Trio Pack,1.49,3.0,Serving size 1 pack (45g),0.49666666666666665,130,1,0,0,0,0,32,15,15,0,0,4,,,,,,0,0,0,0
4718,https://www.traderjoes.com/fearless-flyer/article/4718,Cranberry Supplement Drops,,15.0,Serving size 1 drop,,15,,,,,,4,3,3,3,,,,,,,,,0,0,0
4720,https://www.traderjoes.com/fearless-flyer/article/4720,Honey Lemon Cough Drops,,,,,,,,,,,,,,,,,,,,,,,0,0,0
4721,https://www.traderjoes.com/fearless-flyer/article/4721,Peanut Butter & Banana Dog Treats,2.99,,,,,,,,,,,,,,,,,,,,,,0,0,0
4722,https://www.traderjoes.com/fearless-flyer/article/4722,Rose Oil Hand Cream,4.99,,,,,,,,,,,,,,,,,,,,,,0,0,0
4723,https://www.traderjoes.com/fearless-flyer/article/4723,Fortune Cove Sauvignon Blanc,6.99,,,,,,,,,,,,,,,,,,,,,,0,0,0
4724,https://www.traderjoes.com/fearless-flyer/article/4724,Henry Hotspur’s Rosé Cider,7.99,1.0,Serving size 12 fl oz (355 mL),7.99,160,0,0,,,,10,5,,,5,,,440,,,,,0,0,0
4725,https://www.traderjoes.com/fearless-flyer/article/4725,TJ's Petit Reserve Cabernet Sauvignon,7.99,,,,,,,,,,,,,,,,,,,,,,0,0,0
4726,https://www.traderjoes.com/fearless-flyer/article/4726,TJ's Petit Reserve Merlot,5.99,,,,,,,,,,,,,,,,,,,,,,0,0,0
4727,https://www.traderjoes.com/fearless-flyer/article/4727,TJ's Reserve Meritage,9.99,,,,,,,,,,,,,,,,,,,,,,0,0,0
4728,https://www.traderjoes.com/fearless-flyer/article/4728,TJ's Reserve Pinot Noir,9.99,,,,,,,,,,,,,,,,,,,,,,0,0,0
4729,https://www.traderjoes.com/fearless-flyer/article/4729,Humor Us,,,,,,,,,,,,,,,,,,,,,,,0,0,0
4730,https://www.traderjoes.com/fearless-flyer/article/4730,Thai Lime & Chili Cashews,7.99,15.0,Serving size 1/4 cup (30g),0.5326666666666667,170,6,11,0,2,0,13,2,2,,75,7,,,,,,0,0,0,0
4731,https://www.traderjoes.com/fearless-flyer/article/4731,Dolmas,2.49,2.5,Serving size 4 dolmas (110g),0.9960000000000001,140,2,7,0,1,0,16,1,,,640,2,,,,,,0,1,0,0
4732,https://www.traderjoes.com/fearless-flyer/article/4732,English Shelled Peas,3.49,3.0,Serving size 2/3 cup (96g),1.1633333333333333,80,5,0,0,0,0,14,5,,,5,5,,230,,,,0,0,0,0
4733,https://www.traderjoes.com/fearless-flyer/article/4733,Almond Ginger Oatmeal Exfoliant Bar,2.99,,,,,,,,,,,,,,,,,,,,,,0,0,0
4734,https://www.traderjoes.com/fearless-flyer/article/4734,Lemon Curd,2.99,10.0,Serving size 1 Tbsp (30g),0.29900000000000004,100,,2.5,0,2,30,19,19,19,18,20,0,,,,,,0,0,0,0
4735,https://www.traderjoes.com/fearless-flyer/article/4735,Bamba Peanut Snacks,,3.0,Serving size 40 pieces (30g),,160,5,10,0,2.5,0,14,,,0,115,2,0.5,120,,,10,0,0,0,0
4736,https://www.traderjoes.com/fearless-flyer/article/4736,Organic Italian Gigli & Orecchiete Pastas,2.69,2.0,,1.345,,,,,,,,,,,,,,,,,,,0,0,0
4737,https://www.traderjoes.com/fearless-flyer/article/4737,Pesto Alla Genovese,2.49,3.0,Serving size 1/4 cup (60g),0.8300000000000001,250,3,26,0,4,0,3,0,,,840,0,,,,,,0,0,0,0
4738,https://www.traderjoes.com/fearless-flyer/article/4738,GIANT Peruvian Inca Corn,1.99,8.0,Serving size 1/3 cup (28g),0.24875,120,2,4,0,1.5,0,21,0,,,130,2,,,,,,0,0,0,0
4739,https://www.traderjoes.com/fearless-flyer/article/4739,Seeds & Grains Crispbread,2.99,10.0,Serving size 1 cracker (22g),0.29900000000000004,110,4,6,0,0.5,0,10,0,0,0,210,3,0.4,150,,,20,0,0,0,0
4740,https://www.traderjoes.com/fearless-flyer/article/4740,Mexican Style Roasted Corn,3.29,3.5,Serving size 2/3 cup (113g),0.9400000000000001,180,5,8,0,2.5,10,21,7,7,,130,5,,,,,,0,0,0,0
4741,https://www.traderjoes.com/fearless-flyer/article/4741,Japanese Style Fried Rice,2.99,3.5,Serving size 1 cup (129g),0.8542857142857143,250,7,5,0,1,0,42,3,3,,450,1,,,,,,0,1,0,0
4742,https://www.traderjoes.com/fearless-flyer/article/4742,Cauliflower Pizza Crust,3.99,6.0,Serving size 1/6 crust (50g/1.8 oz),0.665,80,1,0,0,0,0,17,,,0,220,1,0.1,60,,,10,0,0,0,0
4743,https://www.traderjoes.com/fearless-flyer/article/4743,Kung Pao Chicken,4.99,4.0,Serving size 1 cup (150g),1.2475,240,24,10,0,2,90,17,8,,,690,2,,,,,,0,0,0,0
4744,https://www.traderjoes.com/fearless-flyer/article/4744,Pain Au Lait,2.99,8.0,Serving size 1 roll (35g),0.37375,130,3,4.5,0,2,20,19,5,5,4,160,1,0.3,30,,,10,0,0,0,0
4745,https://www.traderjoes.com/fearless-flyer/article/4745,Bite Size Belgian Chocolate Cookies,2.49,6.0,Serving size 3 cookies (36g),0.41500000000000004,190,2,10,0,5,,23,11,11,11,55,2,1.8,90,,,10,0,0,0,0
4746,https://www.traderjoes.com/fearless-flyer/article/4746,Whole Pineapple,2.99,,,,,,,,,,,,,,,,,,,,,,0,0,0
4747,https://www.traderjoes.com/fearless-flyer/article/4747,Zhoug Sauce,2.99,8.0,Serving size 2 Tbsp (30g),0.37375,90,,9,0,0.5,0,3,0,0,0,160,,,,,,,0,1,0,0
4748,https://www.traderjoes.com/fearless-flyer/article/4748,La Ferme Julien Rosé,5.99,,,,,,,,,,,,,,,,,,,,,,0,0,0
4749,https://www.traderjoes.com/fearless-flyer/article/4749,Picton Bay Marlborough Sauvignon Blanc,7.99,,,,,,,,,,,,,,,,,,,,,,0,0,0
4750,https://www.traderjoes.com/fearless-flyer/article/4750,Grand Reserve Pinot Noir Santa Lucia Highlands,12.99,,,,,,,,,,,,,,,,,,,,,,0,0,0
4751,https://www.traderjoes.com/fearless-flyer/article/4751,Premium Lager,6.49,,,,,,,,,,,,,,,,,,,,,,0,0,0
4752,https://www.traderjoes.com/fearless-flyer/article/4752,Blue Stilton,10.99,,Serving size 1 oz (28g),,120,7,10,0,6,30,0,0,,,220,0,,,,,,0,0,0,0
4753,https://www.traderjoes.com/fearless-flyer/article/4753,English Coastal Cheddar,7.99,,Serving size 1 oz (28g),,120,7,9,0,6,30,0,0,,,200,0,,,,,,0,0,0,0
4754,https://www.traderjoes.com/fearless-flyer/article/4754,Comté,10.99,,Serving size 1 oz (28g),,120,8,9,0,5,35,0,0,,,100,0,,,,,,0,0,0,0
4755,https://www.traderjoes.com/fearless-flyer/article/4755,Grana Padano Parmesan,10.99,,Serving size 1 oz (28g),,110,9,7,0,6,20,0,0,,,150,0,,,,,,0,0,0,0
4756,https://www.traderjoes.com/fearless-flyer/article/4756,"1,000 Day Gouda",11.99,,Serving size 1 oz (28g),,120,8,10,0,7,30,0,0,,,260,0,,,,,,0,0,0,0
4757,https://www.traderjoes.com/fearless-flyer/article/4757,Bool Kogi,9.99,,,,,,,,,,,,,,,,,,,,,,0,0,0
4758,https://www.traderjoes.com/fearless-flyer/article/4758,Gelatos - Caramel Cookie Crunch & Pistachio,3.49,3.0,Serving size 2/3 cup (106g),1.1633333333333333,220,10,9,0,7,15,27,29,29,22,90,0,0.3,190,,,140,0,0,0,0
4760,https://www.traderjoes.com/fearless-flyer/article/4760,Banana Chips,1.49,8.0,Serving size 1/4 cup (30g/1oz),0.18625,160,1,9,0,8,0,19,3,,,0,2,,,,,,0,0,0,0
4761,https://www.traderjoes.com/fearless-flyer/article/4761,Daffodils,1.49,,,,,,,,,,,,,,,,,,,,,,0,0,0
4764,https://www.traderjoes.com/fearless-flyer/article/4764,Crispy Crunchy Broccoli Florets,2.99,,,,,,,,,,,,,,,,,,,,,,0,0,0
4765,https://www.traderjoes.com/fearless-flyer/article/4765,Organic King Coconut Water,1.19,1.0,Serving size 1 tetra (330mL/11.6 fl oz),1.19,45,1,0,,0,,11,8,,,95,,,660,,,,,1,0,1
4767,https://www.traderjoes.com/fearless-flyer/article/4767,A Dozen Macarons Variés,4.99,4.0,Serving size 3 macarons (30g),1.2475,120,3,5,0,1,5,17,16,16,,25,1,,,,,,0,0,0,0
4768,https://www.traderjoes.com/fearless-flyer/article/4768,Chicken Enchiladas Verde,6.99,4.0,Serving size 1 Enchilada (125g/4.4oz),1.7475,240,15,11,0,4,30,22,3,,,490,2,,,,,,0,0,0,0
4769,https://www.traderjoes.com/fearless-flyer/article/4769,Organic EVOO from Spain,5.49,33.0,Serving size 1 Tbsp (15mL),0.16636363636363638,120,0,14,0,2,0,0,,,,0,,,,,,,0,0,0,0
4770,https://www.traderjoes.com/fearless-flyer/article/4770,Arugula & Parmigiano Reggiano Ravioli,3.49,3.0,Serving size 1 cup (83g),1.1633333333333333,230,9,10,0,3.5,65,26,4,4,0,530,2,1.6,170,,,110,0,0,0,0
4771,https://www.traderjoes.com/fearless-flyer/article/4771,Crispy Crunchy Mochi Rice Nuggets,2.99,6.0,Serving size about 10 crackers (30g),0.49833333333333335,150,2,7,0,3,0,20,0,,,75,,,,,,,0,0,0,0
4772,https://www.traderjoes.com/fearless-flyer/article/4772,Humor Us,,,,,,,,,,,,,,,,,,,,,,,0,0,0
4773,https://www.traderjoes.com/fearless-flyer/article/4773,Chocolate Chip Pain Au Lait,2.99,8.0,Serving size 1 roll (35g),0.37375,160,3,7,0,3.5,15,18,7,7,6,135,1,0.1,20,,,10,0,0,0,0
4774,https://www.traderjoes.com/fearless-flyer/article/4774,Corn & Wheat Tortillas,1.99,,,,,,,,,,,,,,,,,,,,,,0,0,0
4775,https://www.traderjoes.com/fearless-flyer/article/4775,Dark Chocolate Ganache Mini Sheet Cake,4.49,,,,,,,,,,,,,,,,,,,,,,0,0,0
4776,https://www.traderjoes.com/fearless-flyer/article/4776,Gluten Free White Sandwich Bread,4.49,7.0,Serving size 2 slices (49g/1.72oz),0.6414285714285715,120,2,2,0,0,0,24,3,,,290,1,,,,,,0,0,0,0
4777,https://www.traderjoes.com/fearless-flyer/article/4777,Organic Sandwich Breads,2.99,,,,,,,,,,,,,,,,,,,,,,0,0,0
4778,https://www.traderjoes.com/fearless-flyer/article/4778,Cold Brew Coffee Bags,5.99,,,,,,,,,,,,,,,,,,,,,,0,0,0
4779,https://www.traderjoes.com/fearless-flyer/article/4779,Cold Pressed Pineapple Juice,2.99,1.0,Serving size 1 bottle (355mL),2.99,230,5,0,,,,52,44,44,,0,7,,,,,70,,0,0,0
4780,https://www.traderjoes.com/fearless-flyer/article/4780,Mint Watermelon Flavored Black Tea,4.99,,,,,,,,,,,,,,,,,,,,,,0,0,0
4781,https://www.traderjoes.com/fearless-flyer/article/4781,Ready to Drink Cold Brew Coffee,4.99,3.0,Serving size 12 fl oz (360mL),1.6633333333333333,15,1,0,,,,3,,,,0,,,550,,,,,0,0,0
4782,https://www.traderjoes.com/fearless-flyer/article/4782,Seltzers With A Splash,2.99,4.0,Serving size 1 can (355mL),0.7475,15,0,0,,,,3,2,2,0,0,,,,,,,,0,0,1
4783,https://www.traderjoes.com/fearless-flyer/article/4783,Organic Fair Trade Wake Up Blend Coffee,14.99,,,,,,,,,,,,,,,,,,,,,,0,0,1
4784,https://www.traderjoes.com/fearless-flyer/article/4784,Whole Milk Mango Kefir,2.99,4.0,Serving size 1 cup (240mL),0.7475,200,8,7,0,4.5,35,26,25,25,,125,0,,340,,,,0,0,0,1
4785,https://www.traderjoes.com/fearless-flyer/article/4785,Burrata,4.99,8.0,Serving size 1 oz (28g),0.62375,80,5,6,0,4,20,1,1,,,45,0,,,,,,0,0,0,0
4786,https://www.traderjoes.com/fearless-flyer/article/4786,Organic Crumbled Feta,3.49,6.0,Serving size 1oz (28g/ 1/4 cup),0.5816666666666667,70,4,5,0,3.5,15,3,0,0,0,270,1,,,,,,0,0,0,0
4787,https://www.traderjoes.com/fearless-flyer/article/4787,Unexpected Cheddar,3.99,7.0,Serving size 1oz (28g),0.5700000000000001,120,7,10,0,5,30,0,0,,,170,0,,,,,,0,0,0,0
4788,https://www.traderjoes.com/fearless-flyer/article/4788,Big Soft Pretzels,2.49,4.0,Serving size 1 pretzel plus 1/4 salt pack (75g),0.6225,220,7,4,0,0,0,40,0,0,0,2380,2,1.1,90,,,20,0,0,0,0
4789,https://www.traderjoes.com/fearless-flyer/article/4789,Chocolate Croissants,4.49,4.0,Serving size 1 croissant (85g/3oz),1.1225,320,5,18,0.5,11,40,36,11,,,250,2,,,,,,0.5,0,0,1
4790,https://www.traderjoes.com/fearless-flyer/article/4790,Cookie Butter Ice Cream,4.99,8.0,Serving size 1/2 cup (95g),0.62375,220,2,12,0,6,30,25,18,,,70,0,,,,,,0,0,0,0
4791,https://www.traderjoes.com/fearless-flyer/article/4791,Fully Cooked Organic Quinoa,3.99,4.0,Serving size 1/2 cup (113g),0.9975,140,5,2.5,0,0,0,24,1,,,10,3,,,,,,0,0,1,0
4792,https://www.traderjoes.com/fearless-flyer/article/4792,Key Lime Pie,5.49,6.0,Serving size 1/6 pie (80g),0.915,250,4,11,0,7,90,36,26,,,160,,,,,,,0,0,0,0
4793,https://www.traderjoes.com/fearless-flyer/article/4793,Organic Rainbow Cauliflower,2.99,5.0,Serving size 1 cup (85g),0.5980000000000001,30,2,0,0,0,0,4,0,0,0,30,1,0.1,240,,,30,0,0,0,0
4794,https://www.traderjoes.com/fearless-flyer/article/4794,Organic Tropical Fruit Blend,3.49,3.0,Serving size 1 cup (140g),1.1633333333333333,90,1,0,0,0,0,22,15,,,0,3,,280,,,,0,0,0,0
4795,https://www.traderjoes.com/fearless-flyer/article/4795,"Burrata, Prosciutto & Arugula Flatbread",4.99,3.0,Serving size 1 slice (113g),1.6633333333333333,290,13,12,0,6,35,30,2,,,670,3,,,,,,0,0,0,0
4796,https://www.traderjoes.com/fearless-flyer/article/4796,Shiitake Mushroom Chicken,4.99,4.0,Serving size 1 cup (150g),1.2475,180,20,8,0,2,60,9,3,,,480,2,,,,,,0,0,0,0
4797,https://www.traderjoes.com/fearless-flyer/article/4797,Lightly Salted Edamame,1.99,2.5,Serving size 1/2 cup (85g),0.796,100,9,4,0,0,0,7,2,,,370,4,,410,,,,0,0,0,0
4798,https://www.traderjoes.com/fearless-flyer/article/4798,Sweet Potato Frites,1.99,5.0,Serving size 1 cup (85g/3oz),0.398,160,2,8,0,1.5,0,19,7,,,140,2,,,,,,0,0,0,0
4799,https://www.traderjoes.com/fearless-flyer/article/4799,Simply Seasoned Tuna Burgers,6.99,4.0,Serving size 1 burger (91g/3.2oz),1.7475,150,18,7,0,2.5,25,4,,,,290,0,,,,,,0,0,0,0
4800,https://www.traderjoes.com/fearless-flyer/article/4800,Mini Vegetable Samosas,3.49,3.0,Serving size 4 pieces (80g),1.1633333333333333,160,24,7,0,0.5,0,20,0,0,0,260,2,1.2,130,,,20,0,0,0,0
4801,https://www.traderjoes.com/fearless-flyer/article/4801,Almond Butter Granola,3.49,7.0,Serving size 1/2 cup (50g),0.4985714285714286,220,5,9,0,1,0,30,9,,,100,4,,,,,,0,0,0,1
4802,https://www.traderjoes.com/fearless-flyer/article/4802,Chile Lime Seasoning Blend,1.99,82.0,Serving size 1/4 tsp (1g),0.02426829268292683,,0,0,,,,0,,,,180,,,,,,,,0,0,1
4803,https://www.traderjoes.com/fearless-flyer/article/4803,Jalapeño Sauce,3.49,10.0,Serving size 2 Tbsp (28g),0.34900000000000003,90,0,10,0,0.5,0,2,,,0,110,0,0.1,40,,,0,0,0,0,0
4804,https://www.traderjoes.com/fearless-flyer/article/4804,Lemon Shortbread Bar Mix,2.99,16.0,Serving size 1/16 dry mix (28g) makes 1 bar,0.186875,100,1,0,0,0,0,25,17,17,17,60,0,0.1,10,,,0,0,0,0,0
4805,https://www.traderjoes.com/fearless-flyer/article/4805,Neapolitan Puffs Cereal,3.69,7.0,Serving size 1 cup (40g),0.5271428571428571,130,6,1.5,0,0,0,27,10,10,9,110,4,1,170,,,40,0,0,1,1
4807,https://www.traderjoes.com/fearless-flyer/article/4807,Organic Kosher Dill Pickle Spears,3.29,17.0,Serving size 1oz (28g/about 3/4 spear),0.1935294117647059,,0,,,,,,0,,,280,,,,,,,,0,0,1
4808,https://www.traderjoes.com/fearless-flyer/article/4808,Organic Rosé Vinaigrette,3.49,12.0,Serving size 2 Tbsp (30mL),0.29083333333333333,110,0,12,0,1,,2,1,1,0,80,0,,,,,,0,0,0,0
4809,https://www.traderjoes.com/fearless-flyer/article/4809,Organic Italian Spaghetti,1.29,,,,,,,,,,,,,,,,,,,,,,0,0,1
4810,https://www.traderjoes.com/fearless-flyer/article/4810,Organic Spaghetti Sauce with Mushrooms,2.49,6.0,Serving size 1/2 cup (116g),0.41500000000000004,45,2,0,0,0,0,10,6,,,370,2,,,,,,0,0,0,0
4811,https://www.traderjoes.com/fearless-flyer/article/4811,Organic Sriracha & Roasted Garlic BBQ Sauce,2.99,16.0,Serving size 2 Tbsp (34g),0.186875,50,0,0,,,,12,12,,,190,,,,,,,,0,0,0
4812,https://www.traderjoes.com/fearless-flyer/article/4812,Organic Thick & Chunky Salsa,2.49,15.0,Serving size 2 Tbsp (30g),0.166,10,0,0,0,0,0,2,1,1,0,135,,,,,,,0,0,0,1
4813,https://www.traderjoes.com/fearless-flyer/article/4813,Heavenly Villagio Marzano® Tomatoes,2.79,,,,,,,,,,,,,,,,,,,,,,0,0,0
4814,https://www.traderjoes.com/fearless-flyer/article/4814,Mother's Day Jumbo Bouquets,14.99,,,,,,,,,,,,,,,,,,,,,,0,0,0
4815,https://www.traderjoes.com/fearless-flyer/article/4815,Organic Mediterranean Style Salad Kit,3.99,3.5,Serving size 1 cup (100g),1.1400000000000001,110,2,7,0,1.5,,9,3,3,2,290,2,,280,,,50,0,0,0,0
4816,https://www.traderjoes.com/fearless-flyer/article/4816,Organic Cole Slaw Kit,2.69,3.0,Serving size 1 cup (100g),0.8966666666666666,130,1,9,0,1,20,12,10,10,7,140,2,0.6,160,,,40,0,0,0,0
4817,https://www.traderjoes.com/fearless-flyer/article/4817,Organic English Cucumbers,2.49,,,,,,,,,,,,,,,,,,,,,,0,0,0
4818,https://www.traderjoes.com/fearless-flyer/article/4818,Peony Tulips,7.99,,,,,,,,,,,,,,,,,,,,,,0,0,0
4819,https://www.traderjoes.com/fearless-flyer/article/4819,Red Caribbean Papaya,3.29,,,,,,,,,,,,,,,,,,,,,,0,0,0
4820,https://www.traderjoes.com/fearless-flyer/article/4820,Steamed & Peeled Baby Beets,2.29,2.5,Serving size 2 beets (85g),0.916,40,1,0,0,0,0,8,7,,,30,2,,,,,,0,0,0,0
4822,https://www.traderjoes.com/fearless-flyer/article/4822,BBQ Chicken Salad,4.49,,,,,,,,,,,,,,,,,,,,,,0,0,0
4823,https://www.traderjoes.com/fearless-flyer/article/4823,Carne Asada Auténtica,9.99,,,,,,,,,,,,,,,,,,,,,,0,0,0
4824,https://www.traderjoes.com/fearless-flyer/article/4824,Pollo Asado Burrito,3.99,2.0,Serving size 1/2 burrito (142g),1.995,300,14,9,0,2.5,25,42,4,4,2,790,5,,,,,,0,0,0,0
4825,https://www.traderjoes.com/fearless-flyer/article/4825,Creamy Chicken Poblano Ravioli,3.69,2.0,Serving size 1 cup (105g),1.845,230,12,9,0,5,60,26,,,0,370,5,1.7,200,,,120,0,0,0,0
4826,https://www.traderjoes.com/fearless-flyer/article/4826,Greek Lowfat Yogurts with Toppings,5.3,1.0,Serving size 1 container (150g),5.3,190,12,6,0,2.5,15,21,14,14,11,45,1,,,,,,0,0,0,0
4827,https://www.traderjoes.com/fearless-flyer/article/4827,Gyro Slices,3.99,4.0,Serving size 2 oz (56g),0.9975,190,8,16,0,6,35,4,0,,,280,0,,,,,,0,0,0,0
4828,https://www.traderjoes.com/fearless-flyer/article/4828,Organic Chicken Drumsticks,1.99,,Serving size 4 oz (112g),,180,22,10,0,2.5,90,0,0,,,95,0,,,,,,0,0,0,0
4829,https://www.traderjoes.com/fearless-flyer/article/4829,Organic Grass Fed Ground Beef Patties,6.99,4.0,Serving size 1 patty (113g/4oz),1.7475,240,21,17,1,7,75,0,0,,,75,0,,,,,,1,0,0,0
4830,https://www.traderjoes.com/fearless-flyer/article/4830,Pastrami Style Smoked Atlantic Salmon,5.49,2.0,Serving size 3 slices (57g),2.745,120,12,8,0,2,30,0,0,0,0,600,0,0.3,220,,,10,0,0,0,1
4831,https://www.traderjoes.com/fearless-flyer/article/4831,Mild Pico De Gallo Salsa,2.99,,,,,,,,,,,,,,,,,,,,,,0,0,0
4832,https://www.traderjoes.com/fearless-flyer/article/4832,Pollo Asado Autentico,5.99,,,,,,,,,,,,,,,,,,,,,,0,0,0
4833,https://www.traderjoes.com/fearless-flyer/article/4833,Tzatziki Dip,3.49,11.0,Serving size 2 Tbsp (30g),0.3172727272727273,30,1,2,0,1,5,2,1,,,65,0,,,,,,0,0,0,0
4834,https://www.traderjoes.com/fearless-flyer/article/4834,Barbeque Popped Ridges,1.99,3.0,Serving size 1oz (28g/16 pieces),0.6633333333333333,130,1,5,0,0,0,19,2,2,2,200,1,0.4,190,,,10,0,0,1,1
4837,https://www.traderjoes.com/fearless-flyer/article/4837,Chocolate Sea Salt Caramel Popcorn,2.99,6.0,Serving size 9 pieces (30g),0.49833333333333335,140,1,7,0,4,,20,16,16,15,120,,0.8,70,,,20,0,0,0,1
4839,https://www.traderjoes.com/fearless-flyer/article/4839,Chocolate Covered Wafer Cookie,0.79,1.0,Serving size 1 bar (55g),0.79,290,3,17,0,13,,34,18,18,17,80,1,,,,,,0,0,0,0
4841,https://www.traderjoes.com/fearless-flyer/article/4841,Freeze Dried Grapes,2.99,1.0,Serving size 1 pouch (34g),2.99,120,1,0,0,0,0,31,26,26,0,0,2,0.6,320,,,20,0,0,0,0
4842,https://www.traderjoes.com/fearless-flyer/article/4842,Fig & Olive Crisps,3.99,5.0,Serving size 11 crackers (30g/1oz),0.798,90,2,2,0,0,0,16,5,,,170,1,,,,,,0,0,0,0
4843,https://www.traderjoes.com/fearless-flyer/article/4843,Sunflower Seed Butter,4.99,14.0,Serving size 2 Tbsp (32g),0.35642857142857143,200,7,16,0,2,0,7,3,,,120,4,,,,,,0,0,0,1
4844,https://www.traderjoes.com/fearless-flyer/article/4844,Neapolitan Joe-Joe’s,2.99,16.0,Serving size 2 cookies (28g),0.186875,130,1,5,0,2.5,0,20,12,12,11,95,,0.9,0,,,0,0,0,0,0
4845,https://www.traderjoes.com/fearless-flyer/article/4845,Organic Hemp Seed Bars,2.99,5.0,Serving size 1 bar (25g),0.5980000000000001,120,3,7,0,0.5,0,11,5,5,3,25,1,2.4,210,,,20,0,0,1,0
4846,https://www.traderjoes.com/fearless-flyer/article/4846,Organic Raw Almonds,7.99,11.0,Serving size 1/4 cup (30g),0.7263636363636364,170,6,15,0,1,0,6,1,,,0,4,,220,,,,0,0,0,1
4847,https://www.traderjoes.com/fearless-flyer/article/4847,Oven-Baked Cheese Bites,2.69,2.0,Serving size 1/2 package (30g),1.345,170,15,12,0,8,30,,0,,,310,0,,,,,,0,0,0,0
4848,https://www.traderjoes.com/fearless-flyer/article/4848,Organic Elote Corn Chip Dippers,2.29,10.0,Serving size 1 oz (28g/12 chips),0.229,150,2,8,0,1,0,17,0,0,0,115,1,0.5,40,,,40,0,0,1,1
4849,https://www.traderjoes.com/fearless-flyer/article/4849,Soft & Juicy Dried Mango,1.99,5.0,Serving size 1/4 cup (35g),0.398,120,,0,0,0,0,30,23,,,40,1,,,,,,0,0,0,0
4850,https://www.traderjoes.com/fearless-flyer/article/4850,Sweet & Spicy Pecans,4.49,5.0,Serving size 1/4 cup (28g),0.898,190,2,17,0,2,0,8,5,,,60,2,,,,,,0,0,0,0
4851,https://www.traderjoes.com/fearless-flyer/article/4851,Coconut Body Butter,5.49,,,,,,,,,,,,,,,,,,,,,,0,0,0
4852,https://www.traderjoes.com/fearless-flyer/article/4852,Probiotic Supplements,9.99,,,,,,,,,,,,,,,,,,,,,,0,0,0
4853,https://www.traderjoes.com/fearless-flyer/article/4853,Rose Water Facial Toner,3.99,,,,,,,,,,,,,,,,,,,,,,0,0,0
4854,https://www.traderjoes.com/fearless-flyer/article/4854,Salmon & Sweet Potato Dog Treats,3.99,,,,,,,,,,,,,,,,,,,,,,0,0,0
4855,https://www.traderjoes.com/fearless-flyer/article/4855,Ultra Hydrating Gel Moisturizer,8.99,,,,,,,,,,,,,,,,,,,,,,0,0,0
4856,https://www.traderjoes.com/fearless-flyer/article/4856,Cachai 2018 Chardonnay,3.99,,,,,,,,,,,,,,,,,,,,,,0,0,0
4857,https://www.traderjoes.com/fearless-flyer/article/4857,L’être Magiqie Côtes de Provence Ros,4.99,,,,,,,,,,,,,,,,,,,,,,0,0,0
4858,https://www.traderjoes.com/fearless-flyer/article/4858,Moonlight & Roses Coteau d’Aix en Provence Ros,9.99,,,,,,,,,,,,,,,,,,,,,,0,0,0
4859,https://www.traderjoes.com/fearless-flyer/article/4859,"Grand Reserve Sonoma Meritage, Lot 92",12.99,,,,,,,,,,,,,,,,,,,,,,0,0,0
4861,https://www.traderjoes.com/fearless-flyer/article/4861,Tequila Blanco,19.99,,,,,,,,,,,,,,,,,,,,,,0,0,0
4862,https://www.traderjoes.com/fearless-flyer/article/4862,Villa Alena Rosé,8.99,,,,,,,,,,,,,,,,,,,,,,0,0,0
4863,https://www.traderjoes.com/fearless-flyer/article/4863,Candy Coated Chocolate Peanuts,0.99,2.0,Serving size 1/2 package (35g),0.495,180,4,11,0,4,0,19,15,15,14,10,2,1,150,,,140,0,0,0,1
4864,https://www.traderjoes.com/fearless-flyer/article/4864,Chocolate Chip Cocoa Meringues,3.69,7.0,Serving size 3 cookies (30g),0.5271428571428571,90,1,1,0,0,0,18,18,18,18,15,0,,,,,,0,0,1,1
4865,https://www.traderjoes.com/fearless-flyer/article/4865,Cookie Butter Sandwich Cookies,3.99,9.0,Serving size 2 cookies (32g),0.44333333333333336,180,,11,0,6,20,19,7,7,7,90,0,0.2,10,,,0,0,0,0,1
4866,https://www.traderjoes.com/fearless-flyer/article/4866,Humor Us,,,,,,,,,,,,,,,,,,,,,,,0,0,0
4867,https://www.traderjoes.com/fearless-flyer/article/4867,Peanut Butter Blondies,4.99,6.0,Serving size 2 pieces (43g),0.8316666666666667,180,3,9,0,3.5,20,20,13,13,12,105,0,0.2,20,,,10,0,0,0,1
4868,https://www.traderjoes.com/fearless-flyer/article/4868,Brioche Buns,3.99,,,,,,,,,,,,,,,,,,,,,,0,0,0
4869,https://www.traderjoes.com/fearless-flyer/article/4869,Apple Crumble Pie,6.99,6.0,Serving size 1/6 pie (128g),1.165,330,3,14,0,7,5,49,29,29,23,210,2,1.4,130,,,80,0,0,0,0
4870,https://www.traderjoes.com/fearless-flyer/article/4870,Coconut Cold Brew Coffee Concentrate,4.99,4.0,"Serving size 4 fl oz (118mL), makes 12 fl oz prepared",1.2475,10,2,0,,,,,,,,0,,,300,,,10,,0,0,1
4871,https://www.traderjoes.com/fearless-flyer/article/4871,Organic Tea & Lemonade,2.99,8.0,Serving size 8 fl oz (240 mL),0.37375,100,0,0,,,,25,25,,,35,,,,,,,,0,0,1
4872,https://www.traderjoes.com/fearless-flyer/article/4872,Organic Cold Brew Coffee,2.69,1.0,Serving size 1 bottle (311mL/10.5 fl oz),2.69,,0,0,,,,0,,,,10,,,,,,,,0,0,0
4873,https://www.traderjoes.com/fearless-flyer/article/4873,Organic Ethiopian Peaberry Coffee,8.99,,,,,,,,,,,,,,,,,,,,,,0,0,0
4874,https://www.traderjoes.com/fearless-flyer/article/4874,Organic Cold Brewed Hibiscus Tea & Lemonade,1.99,1.0,Serving size 1 bottle (473mL),1.99,40,2,0,,,,9,8,8,7,0,,,,,,,,0,0,1
4876,https://www.traderjoes.com/fearless-flyer/article/4876,Fresh Mozzarella Log,4.99,16.0,Serving size 1 oz (28g/about 1 inch cube),0.311875,70,5,6,0,3.5,20,,,,0,80,0,,,,,,0,0,0,0
4877,https://www.traderjoes.com/fearless-flyer/article/4877,Honey Goat Cheese Log,2.99,5.0,Serving size 1 oz (28g/ 1/5 package),0.5980000000000001,80,4,5,0,3.5,20,4,3,3,2,75,0,,,,,,0,0,0,0
4878,https://www.traderjoes.com/fearless-flyer/article/4878,Quinoa Cowboy Veggie Burgers,3.69,4.0,Serving size 1 burger (91g),0.9225,180,5,8,0,1,0,22,2,,,280,6,,,,,,0,0,0,0
4879,https://www.traderjoes.com/fearless-flyer/article/4879,Southwest Chicken Quesadillas,3.99,2.0,Serving size 1 quesadilla (170g),1.995,400,23,18,0,8,55,38,4,,,490,3,,,,,,0,0,0,0
4880,https://www.traderjoes.com/fearless-flyer/article/4880,Ube Ice Cream,2.99,3.0,Serving size 2/3 cup (100g),0.9966666666666667,200,4,11,0,7,55,22,18,18,16,75,,0.2,250,,,120,0,0,0,0
4881,https://www.traderjoes.com/fearless-flyer/article/4881,Raspberry Macaron Cake,5.49,3.0,Serving size 1/3 cake (83g),1.83,240,6,14,0.5,8,30,24,19,,,40,3,,,,,,0.5,0,0,0
4882,https://www.traderjoes.com/fearless-flyer/article/4882,21 Seasoning Salute,1.99,103.0,Serving size 1/4 tsp (0.6g),0.019320388349514564,,0,0,,0,,0,,,,0,,,,,,,,0,0,1
4883,https://www.traderjoes.com/fearless-flyer/article/4883,Bloody Mary Salsa,2.99,11.0,Serving size 2 Tbsp (30g),0.27181818181818185,10,0,0,0,0,0,2,1,1,,70,0,,,,,,0,0,0,0
4884,https://www.traderjoes.com/fearless-flyer/article/4884,Ghost Chile BBQ Sauce,2.69,16.0,Serving size 2 Tbsp (35g),0.168125,50,0,0,0,0,0,12,10,10,10,280,0,,,,,,0,0,0,0
4885,https://www.traderjoes.com/fearless-flyer/article/4885,Organic Balsamic & Fig Dressing,3.49,12.0,Serving size 2 Tbsp (30mL),0.29083333333333333,60,0,3.5,0,0,0,6,5,5,2,220,,0.1,40,,,10,0,0,0,0
4886,https://www.traderjoes.com/fearless-flyer/article/4886,Fresh Apricots,2.69,,,,,,,,,,,,,,,,,,,,,,0,0,0
4887,https://www.traderjoes.com/fearless-flyer/article/4887,Large Basil Plant,3.99,,,,,,,,,,,,,,,,,,,,,,0,0,0
4888,https://www.traderjoes.com/fearless-flyer/article/4888,Organic Caesar Salad Kit,3.99,3.5,Serving size 1-1/2 cup (100g) salad plus dressing†,1.1400000000000001,170,4,14,0,3,15,8,1,1,,260,2,0.9,190,,,90,0,0,0,0
4889,https://www.traderjoes.com/fearless-flyer/article/4889,Organic Strawberries,4.99,,,,,,,,,,,,,,,,,,,,,,0,0,1
4890,https://www.traderjoes.com/fearless-flyer/article/4890,Organic Tomatoes on the Vine,2.99,,,,,,,,,,,,,,,,,,,,,,0,0,0
4891,https://www.traderjoes.com/fearless-flyer/article/4891,Premium Angus Beef Rib Eye Steak,13.99,,Serving size 4 oz (112g),,270,21,21,1,9,80,0,0,,,60,0,,,,,,1,0,0,0
4892,https://www.traderjoes.com/fearless-flyer/article/4892,All Natural Ground Turkey Patties,4.49,4.0,Serving size 1 patty (113g),1.1225,160,20,8,0,2.5,85,0,0,0,0,160,0,1.3,240,,,20,0,0,0,0
4893,https://www.traderjoes.com/fearless-flyer/article/4893,Lemon Basil Pasta Salad,4.49,2.5,Serving size 1-1/4 cup (140g),1.796,200,6,8,0,2,5,26,3,3,,210,3,,,,,,0,0,0,0
4894,https://www.traderjoes.com/fearless-flyer/article/4894,Lemon Chicken & Arugula Salad,4.49,,,,,,,,,,,,,,,,,,,,,,0,0,0
4895,https://www.traderjoes.com/fearless-flyer/article/4895,Organic Buffalo Style Hummus,2.99,8.0,,0.37375,,,,,,,,,,,,,,,,,,,0,0,1
4896,https://www.traderjoes.com/fearless-flyer/article/4896,Organic Grass-Fed Uncured Beef Hot Dogs,5.99,5.0,Serving size 1 link (57g),1.198,130,9,10,0,4.5,30,1,0,,,310,0,,,,,,0,0,1,0
4897,https://www.traderjoes.com/fearless-flyer/article/4897,Ricotta & Lemon Zest Ravioli,3.49,3.0,Serving size 1 cup (83g),1.1633333333333333,240,7,12,0,7,65,26,6,6,5,420,1,1,90,,,100,0,0,0,0
4898,https://www.traderjoes.com/fearless-flyer/article/4898,Spinach & Kale Greek Yogurt Dip,3.99,16.0,Serving size 2 Tbsp (28g),0.249375,30,1,2.5,0,0,5,2,1,,,150,1,,,,,,0,0,0,0
4899,https://www.traderjoes.com/fearless-flyer/article/4899,Chile Spiced Dried Mango,2.49,6.0,Serving size 1/2 cup (40g),0.41500000000000004,140,0,0,0,0,0,33,26,26,11,190,,0.5,30,,,100,0,0,0,1
4900,https://www.traderjoes.com/fearless-flyer/article/4900,Dried Montmorency Cherries,4.99,8.0,Serving size 1/8 loaf (53g),0.62375,190,2,10,0,2.5,25,25,15,15,15,230,0,,,,,,0,0,0,1
4901,https://www.traderjoes.com/fearless-flyer/article/4901,Handfuls of Omega Trek Mix,5.99,10.0,Serving size 1 bag (34g),0.599,170,4,13,0,1.5,0,14,9,,,40,2,,,,,,0,0,0,0
4902,https://www.traderjoes.com/fearless-flyer/article/4902,PB&J Bars,2.69,6.0,Serving size 1 bar (35g/1.2 oz),0.4483333333333333,150,2,4,0,0.5,0,23,11,,,55,1,,,,,,0,0,1,1
4904,https://www.traderjoes.com/fearless-flyer/article/4904,Georgia Pecan Butterscotch Chip Cookies,3.29,7.0,Serving size 10 cookies (30g),0.47000000000000003,130,2,6,0,3,5,18,12,12,11,210,,0.3,20,,,10,0,0,0,0
4905,https://www.traderjoes.com/fearless-flyer/article/4905,Key Lime Tea Cookies,3.99,10.0,Serving size 5 cookies (28g),0.399,130,,5,0,3.5,15,19,12,12,12,50,0,0.4,0,,,0,0,0,0,0
4906,https://www.traderjoes.com/fearless-flyer/article/4906,Organic Carrots of Many Colors,2.99,1.0,Serving size 1 package (40g),2.99,140,3,1.5,0,0,0,28,6,6,0,310,11,0.5,1040,150,,50,0,0,1,1
4907,https://www.traderjoes.com/fearless-flyer/article/4907,Restaurant Style White Corn Tortilla Chips,1.99,9.0,Serving size 14 chips (1 oz/28g),0.22111111111111112,150,2,8,0,0.5,0,18,0,,,120,2,,60,,,,0,0,1,1
4908,https://www.traderjoes.com/fearless-flyer/article/4908,Salt & Pepper Ridge Cut Potato Chips,2.99,16.0,Serving size 1 oz (28g/about 9 chips),0.186875,150,2,9,0,1,0,16,0,,,160,1,,410,,,,0,0,1,1
4909,https://www.traderjoes.com/fearless-flyer/article/4909,Spicy Cheese Crunchies,1.99,7.0,Serving size 1 oz (28g/33 pieces),0.2842857142857143,130,2,6,0,0.5,0,17,,,0,210,,0.3,60,,,20,0,0,1,1
4910,https://www.traderjoes.com/fearless-flyer/article/4910,Vanilla Flavored Baton Wafer Cookies,1.99,6.0,Serving size 2 pieces (24g),0.33166666666666667,120,1,6,0,2.5,0,16,10,10,9,40,0,0.4,40,,,20,0,0,0,0
4911,https://www.traderjoes.com/fearless-flyer/article/4911,Nourish Antioxidant Facial Serum,9.99,,,,,,,,,,,,,,,,,,,,,,0,0,0
4912,https://www.traderjoes.com/fearless-flyer/article/4912,SPF 50 Spray Sunscreen,5.99,,,,,,,,,,,,,,,,,,,,,,0,0,0
4913,https://www.traderjoes.com/fearless-flyer/article/4913,Campanology Lemon Peal,7.99,,,,,,,,,,,,,,,,,,,,,,0,0,0
4914,https://www.traderjoes.com/fearless-flyer/article/4914,Maricool Muscadet,4.99,,,,,,,,,,,,,,,,,,,,,,0,0,0
4915,https://www.traderjoes.com/fearless-flyer/article/4915,St. Sagnol Rosé,6.99,,,,,,,,,,,,,,,,,,,,,,0,0,0
4916,https://www.traderjoes.com/fearless-flyer/article/4916,Tuatea Sauvignon Blanc,6.99,,,,,,,,,,,,,,,,,,,,,,0,0,0
4917,https://www.traderjoes.com/fearless-flyer/article/4917,TJ’s Reserve Amador County Zinfandel,9.99,,,,,,,,,,,,,,,,,,,,,,0,0,0
4918,https://www.traderjoes.com/fearless-flyer/article/4918,Humor Us,,,,,,,,,,,,,,,,,,,,,,,0,0,0
4920,https://www.traderjoes.com/fearless-flyer/article/4920,Aloha Rolls,2.99,12.0,Serving size 1 Roll (28g/1 oz),0.24916666666666668,90,5,1,0,0,,19,5,5,5,110,1,,,,,,0,0,0,0
4921,https://www.traderjoes.com/fearless-flyer/article/4921,Pepperoni Pizza Mac & Cheese Bowl,2.99,2.0,Serving size 1/2 container (170g/6oz),1.495,290,14,13,0,5,35,30,4,4,,750,1,,,,,,0,0,0,0
4922,https://www.traderjoes.com/fearless-flyer/article/4922,Shakshuka Starter,1.99,2.0,Serving size 1/2 package (128),0.995,80,,,,,,,,,,,,,,,,,,0,0,1
4923,https://www.traderjoes.com/fearless-flyer/article/4923,Cold Brew Latte Dessert Bars,1.99,5.0,Serving size 1 bar (1.75 fl oz/52mL),0.398,40,0,1.5,0,1,,7,7,7,,10,0,,,,,,0,0,0,1
4924,https://www.traderjoes.com/fearless-flyer/article/4924,Broccoli & Kale Pizza Crust,4.29,6.0,Serving size 1/6 crust (50g),0.715,70,1,0.5,0,0,0,15,0,0,0,230,0,,,,,,0,0,1,0
4925,https://www.traderjoes.com/fearless-flyer/article/4925,Mini Chicken Tacos,4.29,6.0,Serving size 4 mini tacos (79g),0.715,190,9,9,0,1.5,25,19,1,1,,230,2,,,,,,0,0,0,0
4926,https://www.traderjoes.com/fearless-flyer/article/4926,Neapolitan Joe-Joe’s Ice Cream,2.99,3.0,Serving size 2/3 cup (117g),0.9966666666666667,280,3,16,0,8,30,36,31,31,26,75,1,1,250,,,80,0,0,0,0
4927,https://www.traderjoes.com/fearless-flyer/article/4927,Honey Pale Ale Mustard,1.99,40.0,Serving size 1 tsp. (5g),0.04975,,,,,,,,,,,,,,,,,,,0,0,0
4928,https://www.traderjoes.com/fearless-flyer/article/4928,Pepita Salsa,2.99,11.0,Serving size 2 Tbsp. (30g),0.27181818181818185,30,,,,,,,,,,,,,,,,,,0,0,0
4929,https://www.traderjoes.com/fearless-flyer/article/4929,Organic Shells with White Cheddar,1.39,2.5,"Serving size 2/3 cup (71g) dry, 1 cup (178g) prepared",0.5559999999999999,260,10,3.5,0,2,10,47,5,5,,570,2,,,,,,0,0,0,0
4930,https://www.traderjoes.com/fearless-flyer/article/4930,Creamy Salted Peanut Butter,1.99,14.0,Serving size 2 Tbsp. (32g),0.14214285714285715,190,7,16,0,2,0,7,,,,140,2,,200,,,,0,0,0,1
4931,https://www.traderjoes.com/fearless-flyer/article/4931,Organic Reduced Sugar Strawberry Preserves,3.49,24.0,Serving size 1 Tbsp. (18g),0.14541666666666667,30,0,0,,,,7,6,6,,0,0,,,,,,,0,0,1
4932,https://www.traderjoes.com/fearless-flyer/article/4932,Instant Ramen Soup,1.49,1.0,Serving size 1 container (43g),1.49,180,,,,,,,,,,,,,,,,,,0,0,0
4933,https://www.traderjoes.com/fearless-flyer/article/4933,Gluten Free Cocoa Crunch,3.49,6.5,Serving size 1 cup (40g),0.536923076923077,150,,,,,,,,,,,,,,,,,,0,0,0
4934,https://www.traderjoes.com/fearless-flyer/article/4934,Organic Chocolate Chip Granola Bars,2.49,8.0,Serving size 1 bar (24g),0.31125,100,2,2.5,0,1,0,18,8,8,,10,1,,,,,,0,0,0,1
4935,https://www.traderjoes.com/fearless-flyer/article/4935,Freeze Dried Strawberries,3.49,1.0,Serving size 1 bag (34g),3.49,130,,,,,,,,,,,,,,,,,,0,0,1
4936,https://www.traderjoes.com/fearless-flyer/article/4936,50% Less Salt Roasted & Salted Whole Cashews,7.99,15.0,Serving size 1/4 cup (30g),0.5326666666666667,180,5,15,0,3,0,9,2,2,0,55,1,,,,,,0,0,0,0
4937,https://www.traderjoes.com/fearless-flyer/article/4937,Organic Thompson Seedless Raisins,3.69,11.0,Serving size 1/4 cup (40g),0.33545454545454545,130,1,0,0,0,0,31,29,29,,10,2,,,,,,0,0,0,1
4938,https://www.traderjoes.com/fearless-flyer/article/4938,Organic Lemonade,2.99,8.0,Serving size 8 fl oz (240mL),0.37375,120,0,0,0,0,0,30,29,29,,0,0,,,,,,0,0,0,0
4939,https://www.traderjoes.com/fearless-flyer/article/4939,Whey Protein Powder Dietary Supplements,11.99,17.0,Serving size 2 scoops (27g),0.7052941176470588,110,,,,,,,,,,,,,,,,,,0,0,0
4940,https://www.traderjoes.com/fearless-flyer/article/4940,Organic Pea Protein Powders,11.99,18.0,Serving size 2 scoops (26g),0.6661111111111111,100,,,,,,,,,,,,,,,,,,0,0,0
4941,https://www.traderjoes.com/fearless-flyer/article/4941,Alstroemeria,4.99,,,,,,,,,,,,,,,,,,,,,,0,0,0
4942,https://www.traderjoes.com/fearless-flyer/article/4942,Yogurt Pretzels,3.49,11.0,Serving size 6 pieces (30g),0.3172727272727273,150,2,6,0,6,0,21,14,14,12,190,,,,,,,0,0,0,1
4943,https://www.traderjoes.com/fearless-flyer/article/4943,Dark Chocolate Almond Butter Cups,3.99,6.0,Serving size 3 pieces (36g),0.665,190,,,,,,,,,,,,,,,,,,0,0,1
4944,https://www.traderjoes.com/fearless-flyer/article/4944,Soft Baked Peanut Butter Chocolate Chip Cookies,2.99,10.0,Serving size 1 cookie (28g),0.29900000000000004,130,,,,,,,,,,,,,,,,,,0,0,1
4945,https://www.traderjoes.com/fearless-flyer/article/4945,Soft-Baked Snickerdoodles,2.99,6.0,Serving size 2 cookies (28g),0.49833333333333335,110,1,4.5,0,0,0,18,10,10,7,90,,,,,,,0,1,0,0
4946,https://www.traderjoes.com/fearless-flyer/article/4946,Cinnamon Schoolbook Cookies,2.99,15.0,Serving size 15 cookies (30g/1 oz),0.19933333333333333,130,2,4,0,2,0,23,8,8,,70,,,,,,,0,0,0,1
4947,https://www.traderjoes.com/fearless-flyer/article/4947,Organic Roasted Seaweed with Sea Salt,3.49,1.0,Serving size 1 package (5g),3.49,30,1,2,0,0,0,1,0,0,0,75,,,,,,,0,1,1,0
4948,https://www.traderjoes.com/fearless-flyer/article/4948,"Corn, Pea, Bean & Quinoa Crisps",2.49,4.5,Serving size 1 oz (28g/about 24 crisps),0.5533333333333333,120,,,,,,,,,,,,,,,,,,0,0,0
4949,https://www.traderjoes.com/fearless-flyer/article/4949,Organic Salty Squares,1.99,10.0,Serving size 7 crackers (15g),0.199,60,1,1.5,0,0,0,11,0,0,0,120,0,,,,,,0,0,0,1
4951,https://www.traderjoes.com/fearless-flyer/article/4951,Manchego,9.99,,Serving size 1 oz (28g),,120,7,10,0,7,30,0,0,0,,170,0,,,,,,0,0,0,0
4952,https://www.traderjoes.com/fearless-flyer/article/4952,Sharp Cheddar Cheese Snack Pack,3.49,10.0,Serving size 1 piece (21g),0.34900000000000003,80,5,7,0,4,20,,0,0,0,150,0,,,,,,0,0,0,0
4953,https://www.traderjoes.com/fearless-flyer/article/4953,Sliced Alpine Semisoft Cheese,4.99,10.0,Serving size 1 slice (20g),0.499,70,5,5,0,3,15,,0,0,0,140,0,,,,,,0,0,0,0
4954,https://www.traderjoes.com/fearless-flyer/article/4954,Organic Uncured Black Forest Ham,4.99,3.0,Serving size 2 slices (56g),1.6633333333333333,60,11,1.5,0,0,30,1,,,,370,0,,,,,,0,0,0,0
4955,https://www.traderjoes.com/fearless-flyer/article/4955,Sauerkraut with Pickled Persian Cucumbers,3.99,,,,,,,,,,,,,,,,,,,,,,0,0,1
4956,https://www.traderjoes.com/fearless-flyer/article/4956,Bavarian Bratwurst,3.99,4.0,Serving size 1 link (85g),0.9975,250,11,22,0,9,60,,,,,710,0,,,,,,0,0,0,0
4957,https://www.traderjoes.com/fearless-flyer/article/4957,Amba Mango Sauce,3.29,14.0,Serving size 2 Tbsp. (28g),0.23500000000000001,25,,,,,,,,,,,,,,,,,,0,0,0
4958,https://www.traderjoes.com/fearless-flyer/article/4958,Rainbow Wrap,4.49,2.0,Serving size 1/2 wrap (53g),2.245,300,10,10,0,2.5,0,45,5,5,0,470,6,,,,,,0,1,0,0
4959,https://www.traderjoes.com/fearless-flyer/article/4959,Mexican Style Corn & Quinoa Salad,4.99,4.0,Serving size 3/4 cup (100g/3.5oz) salad plus dressing†,1.2475,140,,,,,,,,,,,,,,,,,,0,0,0
4960,https://www.traderjoes.com/fearless-flyer/article/4960,Grilled Balsamic Vinegar & Rosemary Chicken,,,,,,,,,,,,,,,,,,,,,,,0,0,0
4962,https://www.traderjoes.com/fearless-flyer/article/4962,Banana Almond Butter Protein Smoothie,2.99,,,,,,,,,,,,,,,,,,,,,,0,0,0
4963,https://www.traderjoes.com/fearless-flyer/article/4963,Premium Angus Beef Flank Steak,10.99,,Serving size 4 oz (112g),,200,24,10,0.5,4.5,55,0,0,0,,70,0,,360,,,,0.5,0,0,0
4964,https://www.traderjoes.com/fearless-flyer/article/4964,Organic Free Range Chicken Thighs,4.99,,Serving size 4 oz. (112g),,180,22,10,0,2.5,90,0,0,0,,95,0,,,,,,0,0,1,0
4965,https://www.traderjoes.com/fearless-flyer/article/4965,Sesame Crunch Chopped Salad Kit,3.99,4.0,Serving size 1 cup (100g) salad plus dressing†,0.9975,130,3,9,0,1.5,0,11,4,4,2,260,2,,,,,,0,0,0,0
4966,https://www.traderjoes.com/fearless-flyer/article/4966,Sweet Baby Thompson Seedless Grapes,2.49,,,,,,,,,,,,,,,,,,,,,,0,0,0
4967,https://www.traderjoes.com/fearless-flyer/article/4967,Mini Sweet Peppers,2.99,,,,,,,,,,,,,,,,,,,,,,0,0,0
4968,https://www.traderjoes.com/fearless-flyer/article/4968,Yellow Peaches,0.69,,,,,,,,,,,,,,,,,,,,,,0,0,0
4969,https://www.traderjoes.com/fearless-flyer/article/4969,Chocolate Whole Milk made with Fair Trade Cocoa,3.99,8.0,Serving size 1 cup (240mL),0.49875,220,8,8,0,5,30,29,28,28,18,160,,,,,,,0,0,0,0
4970,https://www.traderjoes.com/fearless-flyer/article/4970,Shea Butter & Coconut Oil Hair Mask,3.99,,,,,,,,,,,,,,,,,,,,,,0,0,0
4971,https://www.traderjoes.com/fearless-flyer/article/4971,Reusable Bags,0.99,,,,,,,,,,,,,,,,,,,,,,0,0,0
4972,https://www.traderjoes.com/fearless-flyer/article/4972,Organic Ginger Turmeric Herbal Tea,2.49,,,,,,,,,,,,,,,,,,,,,,0,0,1
4973,https://www.traderjoes.com/fearless-flyer/article/4973,Organic Fair Trade Breakfast Blend Coffee,7.99,,,,,,,,,,,,,,,,,,,,,,0,0,1
4974,https://www.traderjoes.com/fearless-flyer/article/4974,Quinson Côtes de Provence Rosé,8.99,,,,,,,,,,,,,,,,,,,,,,0,0,0
4975,https://www.traderjoes.com/fearless-flyer/article/4975,Grand Reserve Cabernet Sauvignon,12.99,,,,,,,,,,,,,,,,,,,,,,0,0,0
4976,https://www.traderjoes.com/fearless-flyer/article/4976,St. Somewhere Chardonnay,7.99,,,,,,,,,,,,,,,,,,,,,,0,0,0
4977,https://www.traderjoes.com/fearless-flyer/article/4977,Petit Reserve Chenin Blanc Viognier,7.99,,,,,,,,,,,,,,,,,,,,,,0,0,0
4978,https://www.traderjoes.com/fearless-flyer/article/4978,Espiral Vinho Verde,4.99,,,,,,,,,,,,,,,,,,,,,,0,0,0
4979,https://www.traderjoes.com/fearless-flyer/article/4979,Reserve Pinot Noir Russian River Valley,9.99,,,,,,,,,,,,,,,,,,,,,,0,0,0
4980,https://www.traderjoes.com/fearless-flyer/article/4980,Platinum Reserve Carneros Pinot Noir,14.99,,,,,,,,,,,,,,,,,,,,,,0,0,0
4981,https://www.traderjoes.com/fearless-flyer/article/4981,Complementation Hazy IPA,7.99,,,,,,,,,,,,,,,,,,,,,,0,0,0
4982,https://www.traderjoes.com/fearless-flyer/article/4982,Humor Us,,,,,,,,,,,,,,,,,,,,,,,0,0,0
4983,https://www.traderjoes.com/fearless-flyer/article/4983,"Cornbread Mixes, Original or Gluten Free",2.69,9.0,Serving size 1/9 th  (47g dry mix),0.29888888888888887,170,3,0,0,0,0,38,15,15,,240,1,,,,,,0,0,0,0
4984,https://www.traderjoes.com/fearless-flyer/article/4984,Spiced Cider,3.29,8.0,Serving size 8 fl oz (240mL),0.41125,130,0,0,0,0,0,31,26,26,,15,0,,,,,,0,0,0,0
4985,https://www.traderjoes.com/fearless-flyer/article/4985,Haunted House Kit,7.99,37.0,Serving size 1/37th package (30g),0.21594594594594596,120,1,3.5,0,1.5,0,20,12,12,12,40,0,0.7,20,,,0,0,0,0,0
4986,https://www.traderjoes.com/fearless-flyer/article/4986,Honey Roasted Pumpkin Ravioli,3.69,2.5,Serving size 1 cup (100g),1.476,220,8,5,0,2,15,37,3,3,,180,5,,,,,,0,0,0,0
4987,https://www.traderjoes.com/fearless-flyer/article/4987,Pumpkin Biscotti,3.99,7.0,Serving size 2 pieces (30g),0.5700000000000001,140,2,4.5,0,2.5,25,22,11,11,11,70,0,,,,,,0,0,0,0
4988,https://www.traderjoes.com/fearless-flyer/article/4988,Pumpkin Cranberry Crisps,3.99,5.0,Serving size 11 crackers (30g),0.798,90,2,1.5,0,0,0,17,7,7,4,120,1,,,,,,0,0,0,0
4989,https://www.traderjoes.com/fearless-flyer/article/4989,Pumpkin Joe Joe's,2.49,10.0,Serving size 2 cookies (32g),0.24900000000000003,150,1,6,0,3,0,24,13,13,,70,1,,,,,,0,0,0,0
4990,https://www.traderjoes.com/fearless-flyer/article/4990,Pumpkin Spiced Pumpkin Seeds,2.99,7.0,Serving size 1/4 cup (34g),0.42714285714285716,170,5,11,0,2.5,5,16,12,12,,85,1,,,,,,0,0,0,0
4992,https://www.traderjoes.com/fearless-flyer/article/4992,Puff Pastry,3.99,16.0,Serving size 1/8 th  sheet (32g),0.249375,120,2,7,0,4.5,20,12,2,2,2,140,0,,,,,,0,0,0,0
4993,https://www.traderjoes.com/fearless-flyer/article/4993,Apple Caramel & Apple Cinnamon Yogurts,0.99,1.0,Serving size 1 container (150g/5.3oz),0.99,180,11,6,0,4,25,19,16,16,,80,0,,170,,,,0,0,0,0
4994,https://www.traderjoes.com/fearless-flyer/article/4994,Pumpkin Spice Almond Beverage,2.29,4.0,Serving size 1 cup (240mL),0.5725,100,1,3,0,0,0,18,15,15,,100,,,,,,,0,0,0,0
4995,https://www.traderjoes.com/fearless-flyer/article/4995,Shaved Beef Steak,8.99,,Serving size 4oz (112g),,200,21,13,0,4.5,75,0,0,0,,85,0,,,,,,0,0,0,0
4997,https://www.traderjoes.com/fearless-flyer/article/4997,Extra Hot Ghost Pepper Salsa,3.29,11.0,Serving size 2 Tbsp (30g),0.2990909090909091,10,0,0,0,0,0,2,,,0,150,0,,,,,,0,0,0,0
4998,https://www.traderjoes.com/fearless-flyer/article/4998,Vegan Kale Cashew Basil Pesto,3.79,4.0,Serving size 1/4 cup (60g),0.9475,180,2,18,0,3,0,5,,,0,240,,,,,,,0,0,0,0
5000,https://www.traderjoes.com/fearless-flyer/article/5000,Apple Cider Jam,3.99,8.0,Serving size 1 Tbsp (15g),0.49875,30,0,0,0,0,0,7,7,7,6,10,0,,,,,,0,0,0,0
5001,https://www.traderjoes.com/fearless-flyer/article/5001,Organic White Truffle Potato Chips,2.99,6.0,Serving size 1 oz (28g/about 12 chips),0.49833333333333335,150,2,8,0,3.5,0,16,0,0,0,160,0,0.3,500,,,10,0,0,1,1
5002,https://www.traderjoes.com/fearless-flyer/article/5002,Butternut Squash Mac & Cheese,2.99,2.0,Serving size 1 cup (170g),1.495,250,11,8,0,4.5,25,38,4,4,0,480,2,2,90,,,180,0,0,0,0
5003,https://www.traderjoes.com/fearless-flyer/article/5003,Chimay Autumn Cheese,12.99,,Serving size 30g (oz),,110,6,9,0,6,25,20,0,0,,220,0,,,,,,0,0,0,0
5004,https://www.traderjoes.com/fearless-flyer/article/5004,Pumpkin Ginger Hold the Cone,2.99,2.5,Serving size 3 cones (84g),1.1960000000000002,260,3,12,0,8,25,32,21,21,20,105,,,,,,,0,0,0,0
5005,https://www.traderjoes.com/fearless-flyer/article/5005,Hot Cocoa Stirring Spoons,0.99,1.0,Serving size 1 piece (30g),0.99,160,2,10,0,6,,14,12,12,11,15,2,,,,,,0,0,0,0
5006,https://www.traderjoes.com/fearless-flyer/article/5006,Organic Thai-Style Carrot & Sweet Potato Soup,3.99,2.5,Serving size 1 cup (245g),1.596,160,2,7,0,5,0,24,8,8,0,420,3,,,,,,0,0,0,0
5007,https://www.traderjoes.com/fearless-flyer/article/5007,Hot Cocoa O's,3.49,,,,,,,,,,,,,,,,,,,,,,0,0,0
5008,https://www.traderjoes.com/fearless-flyer/article/5008,Light Ice Creams,2.99,3.0,Serving size 2/3 cup (90g),0.9966666666666667,100,7,2,0,1,30,13,10,10,6,150,4,,,,,,0,0,0,0
5009,https://www.traderjoes.com/fearless-flyer/article/5009,Vegetable & Soba Noodle Stir Fry Kit,4.99,7.0,Serving size 1 cup (82g),0.7128571428571429,80,3,1.5,0,0,0,14,4,4,3,230,2,,,,,,0,0,0,0
5010,https://www.traderjoes.com/fearless-flyer/article/5010,Coffee Lover's Espresso Beans,0.99,2.0,Serving size 1/ package (35g),0.495,180,2,11,0,7,,21,17,17,16,20,2,,,,,,0,0,0,0
5011,https://www.traderjoes.com/fearless-flyer/article/5011,Butternut Squash Pizza Crust,4.29,6.0,Serving size 1/6 crust (50g),0.715,60,,0,0,0,0,14,,,,150,,,,,,,0,0,0,0
5012,https://www.traderjoes.com/fearless-flyer/article/5012,Candy Corn Popcorn,1.99,5.0,Serving size 3/4 cup (30g),0.398,140,,5,0,3.5,0,24,17,17,17,100,,0.2,20,,,0,0,0,0,0
5013,https://www.traderjoes.com/fearless-flyer/article/5013,Autumnal Harvest Soup,3.99,3.0,Serving size 1 cup (245g),1.33,150,3,8,0,4.5,20,20,11,11,4,790,4,,,,,,0,0,0,0
5014,https://www.traderjoes.com/fearless-flyer/article/5014,Vanilla Bean Infused Vermont Maple Syrup,9.99,8.0,Serving size 2 Tbsp (30mL),1.24875,100,0,0,0,0,0,27,24,24,24,0,0,,,,,,0,0,0,0
5015,https://www.traderjoes.com/fearless-flyer/article/5015,Horseradish Aioli,2.69,15.0,Serving size 1 Tbsp (15g),0.17933333333333332,70,0,7,0,0.5,10,,0,0,0,90,0,,,,,,0,0,0,0
5016,https://www.traderjoes.com/fearless-flyer/article/5016,Organic Maple Butter,5.99,13.0,Serving size 1 Tbsp (21g),0.46076923076923076,50,0,0,,,,14,13,13,13,0,,,,,,,,0,0,0
5017,https://www.traderjoes.com/fearless-flyer/article/5017,Fall Harvest Salsa,2.99,11.0,Serving size 2 Tbsp (30g),0.27181818181818185,10,0,0,0,0,0,3,2,2,,120,0,,,,,,0,0,0,0
5018,https://www.traderjoes.com/fearless-flyer/article/5018,Apple Cider Donuts,3.99,6.0,Serving size 1 donut (75g),0.665,320,4,16,0,7,10,41,21,21,20,310,1,,,,,,0,0,0,0
5019,https://www.traderjoes.com/fearless-flyer/article/5019,Maple Streusel Bread,3.99,13.0,Serving size 1 slice (43g),0.30692307692307697,150,3,4,0,1,20,26,13,13,13,135,0,,,,,,0,0,0,0
5020,https://www.traderjoes.com/fearless-flyer/article/5020,Spiced Pumpkin Madeleines,2.99,3.0,Serving size 2 cookies (34g),0.9966666666666667,150,2,8,0,4,45,18,12,12,12,80,0,,,,,,0,0,0,0
5021,https://www.traderjoes.com/fearless-flyer/article/5021,Vegan Banana Bread with Walnuts,3.99,8.0,Serving size 1/8 loaf (2oz/53g),0.49875,210,2,9,0,0.5,0,30,17,17,13,125,,,,,,,0,1,0,0
5022,https://www.traderjoes.com/fearless-flyer/article/5022,Autumn Maple Coffee,7.99,,,,,,,,,,,,,,,,,,,,,,0,0,0
5023,https://www.traderjoes.com/fearless-flyer/article/5023,Organic Cold Pressed Coconut Carrot Juice,3.29,,,,,,,,,,,,,,,,,,,,,,0,0,0
5024,https://www.traderjoes.com/fearless-flyer/article/5024,Organic Cold Pressed Spiced Fuji Apple Cider,,,,,,,,,,,,,,,,,,,,,,,0,0,0
5025,https://www.traderjoes.com/fearless-flyer/article/5025,Pumpkin Pie Spiced Ginger Brew,2.99,2.0,Serving size 12 fl oz (360mL),1.495,140,,0,0,0,0,34,32,32,,40,0,,,,,,0,0,0,0
5026,https://www.traderjoes.com/fearless-flyer/article/5026,Pumpkin Spice Coffee,7.99,,,,,,,,,,,,,,,,,,,,,,0,0,0
5027,https://www.traderjoes.com/fearless-flyer/article/5027,Baked Blood Orange Chocolate Chip Ricotta,10.99,,,,,,,,,,,,,,,,,,,,,,0,0,0
5028,https://www.traderjoes.com/fearless-flyer/article/5028,Creamy Toscano Cheese Dusted with Cinnamon,8.99,,Serving size 1 oz (28g),,120,7,10,0,5,30,0,0,0,,170,0,,,,,,0,0,0,0
5029,https://www.traderjoes.com/fearless-flyer/article/5029,Cheesy Spaghetti Squash Casserole,4.99,2.5,Serving size 1 cup cup (198g),1.996,310,18,19,0.5,11,50,20,5,5,0,530,2,,,,,,0.5,0,0,0
5030,https://www.traderjoes.com/fearless-flyer/article/5030,Cinnamon Rugelach,3.99,10.0,Serving size 1 piece (31g),0.399,130,1,6,0,1.5,5,18,12,12,11,210,0,,,,,,0,0,0,0
5031,https://www.traderjoes.com/fearless-flyer/article/5031,Maple Ginger Cookie Swirl Ice Cream,2.99,3.0,Serving size 2/3 cup (132g),0.9966666666666667,300,4,16,0,9,75,37,32,32,28,160,0,,,,,,0,0,0,0
5032,https://www.traderjoes.com/fearless-flyer/article/5032,Pumpkin Cheesecake,6.99,7.0,Serving size 1/7 cheesecake (122g),0.9985714285714286,400,5,24,0,12,40,41,28,28,,200,1,,,,,,0,0,0,0
5033,https://www.traderjoes.com/fearless-flyer/article/5033,Riced Cauliflower & Butternut Squash Risotto,3.69,3.0,Serving size 1 cup frozen (140g),1.23,70,2,4,0,1.5,0,7,3,3,0,300,2,,,,,,0,0,0,0
5034,https://www.traderjoes.com/fearless-flyer/article/5034,Spaghetti Squash Spirals,3.99,3.0,Serving size 3/4 cup (110g),1.33,100,5,4,0,2.5,10,11,3,3,0,210,3,,,,,,0,0,0,0
5035,https://www.traderjoes.com/fearless-flyer/article/5035,Spinach & Artichoke Dip,2.99,8.0,Serving size 2 Tbsp. (30g),0.37375,45,2,3,0,2,10,2,,,,170,0,,,,,,0,0,0,0
5036,https://www.traderjoes.com/fearless-flyer/article/5036,Autumnal Harvest Sauce and Zucchette Pasta,3.49,6.0,Serving size 1/2 cup (125g/o4.4oz),0.5816666666666667,90,2,6,0,3.5,15,11,7,7,,530,2,,,,,,0,0,0,0
5037,https://www.traderjoes.com/fearless-flyer/article/5037,Caramel Apple Flavored Granola,3.49,6.0,Serving size 3/4 cup (60g),0.5816666666666667,250,6,8,0,1,0,39,13,13,11,125,4,1.6,140,,,20,0,0,0,0
5038,https://www.traderjoes.com/fearless-flyer/article/5038,Cinnamon Bun Spread,3.49,17.0,Serving size 1 tablespoon (16g),0.20529411764705885,60,0,2.5,0,1.5,10,8,6,6,6,65,0,,,,,,0,0,0,0
5039,https://www.traderjoes.com/fearless-flyer/article/5039,Cinnamon Crumb Coffee Cake Mix,2.99,,,,,,,,,,,,,,,,,,,,,,0,0,0
5041,https://www.traderjoes.com/fearless-flyer/article/5041,Gluten Free Pumpkin Bread & Muffin Mix,3.99,16.0,Serving size 3 Tbsp dry mix (31g),0.249375,120,1,0.5,0,0,0,27,17,17,,220,2,,,,,,0,0,0,0
5042,https://www.traderjoes.com/fearless-flyer/article/5042,Organic Vermont Bourbon Barrel Aged Maple Syrup,9.99,12.0,Serving size 2 Tbsp (30mL),0.8325,110,0,0,0,0,0,28,25,25,25,5,0,,,,,,0,0,0,0
5043,https://www.traderjoes.com/fearless-flyer/article/5043,Organic Canned Pumpkin,1.99,3.5,Serving size 1/2 cup (122g),0.5685714285714286,50,1,0,0,0,0,10,4,4,,0,4,,,,,,0,0,0,0
5044,https://www.traderjoes.com/fearless-flyer/article/5044,Organic Hot Cocoa Toaster Pastries,2.99,3.0,Serving size 2 pastries (104g),0.9966666666666667,400,6,9,0,4,0,75,37,37,34,300,6,,,,,,0,0,0,0
5045,https://www.traderjoes.com/fearless-flyer/article/5045,Pumpkin Bisque,3.99,1.0,Serving size 1 cup (252g),3.99,390,4,27,0,8,25,35,23,23,22,790,4,,,,,,0,0,0,0
5046,https://www.traderjoes.com/fearless-flyer/article/5046,Pumpkin Bread & Muffin Mix,2.99,12.0,"Serving size 1/4 cup mix (41g), 1/12th loaf",0.24916666666666668,150,2,0.5,0,0,0,35,18,18,,290,2,,,,,,0,0,0,0
5047,https://www.traderjoes.com/fearless-flyer/article/5047,Pumpkin Chocolate Chunk Oatmeal Cookie Mix,3.99,,,,,,,,,,,,,,,,,,,,,,0,0,0
5048,https://www.traderjoes.com/fearless-flyer/article/5048,"Pumpkin Pancake Mixes, Gluten-Full or Gluten-Free",1.99,12.0,Serving size 1/3 cup dry mix (50g),0.16583333333333333,170,4,0,0,0,0,36,10,10,,380,1,,,,,,0,0,0,0
5049,https://www.traderjoes.com/fearless-flyer/article/5049,Bartlett Pears,0.79,,,,,,,,,,,,,,,,,,,,,,0,0,0
5050,https://www.traderjoes.com/fearless-flyer/article/5050,Plant-Filled Ceramic Skulls,3.99,,,,,,,,,,,,,,,,,,,,,,0,0,0
5051,https://www.traderjoes.com/fearless-flyer/article/5051,Honeycrisp Apples,1.29,,,,,,,,,,,,,,,,,,,,,,0,0,0
5052,https://www.traderjoes.com/fearless-flyer/article/5052,Leafy Greens with Butternut Squash Salad Kit,4.49,4.0,Serving size 3 cups (100g),1.1225,140,4,10,0,1.5,,11,6,6,4,240,2,,,,,,0,0,0,0
5054,https://www.traderjoes.com/fearless-flyer/article/5054,Pumpkins,3.99,,,,,,,,,,,,,,,,,,,,,,0,0,0
5055,https://www.traderjoes.com/fearless-flyer/article/5055,All Natural Chicken Breasts,4.49,,Serving size 4oz (112g),,130,25,3,0,0.5,80,0,0,0,,75,0,,,,,,0,0,0,0
5056,https://www.traderjoes.com/fearless-flyer/article/5056,Antipasto Trio Tray,9.99,,,,,,,,,,,,,,,,,,,,,,0,0,0
5058,https://www.traderjoes.com/fearless-flyer/article/5058,Butternut Squash Alfredo Sauce,4.99,6.0,Serving size 1/4 cup (57g),0.8316666666666667,80,2,7,0,4.5,25,2,,,0,220,0,0.2,100,,,60,0,0,0,0
5059,https://www.traderjoes.com/fearless-flyer/article/5059,Uncured Dry Rubbed Bacon,5.49,7.0,Serving size 2 pan fried slcies (12g),0.7842857142857144,60,4,3,0,1.5,10,0,0,0,,220,0,,,,,,0,0,0,0
5060,https://www.traderjoes.com/fearless-flyer/article/5060,Everything But The Bagel Greek Yogurt Dip,3.49,7.0,Serving size 2 Tbsp (31g),0.4985714285714286,60,1,5,0,3,20,2,2,2,0,95,0,,,,,,0,0,0,0
5061,https://www.traderjoes.com/fearless-flyer/article/5061,Organic Grass Fed Ground Beef,5.99,4.0,Serving size 4oz (112g),1.4975,240,21,17,1,7,75,0,0,0,,75,0,,,,,,1,0,0,0
5062,https://www.traderjoes.com/fearless-flyer/article/5062,Pumpkin Rolls with Pumpkin Spice Icing,3.99,5.0,Serving size 1 roll (79g),0.798,340,4,13,0,5,0,51,21,21,,600,1,,,,,,0,0,0,0
5063,https://www.traderjoes.com/fearless-flyer/article/5063,Apple Cider Cookies,3.99,14.0,Serving size 4 cookies (28g),0.28500000000000003,120,2,6,0,2.5,5,16,8,8,8,100,,,,,,,0,0,0,1
5064,https://www.traderjoes.com/fearless-flyer/article/5064,Boo Bark,2.99,4.0,Serving size 1/4 bar (30g),0.7475,160,2,8,0,5,5,19,17,17,15,25,,,,,,,0,0,0,0
5065,https://www.traderjoes.com/fearless-flyer/article/5065,Butter Toffee Pretzels,2.99,10.0,Serving size 9 pretzels (28g),0.29900000000000004,130,1,7,0,4,15,17,7,7,7,230,0,0.5,30,,,0,0,0,0,0
5066,https://www.traderjoes.com/fearless-flyer/article/5066,Cornbread Crisps,2.49,6.0,Serving size 8 crisps (30g),0.41500000000000004,140,2,4,0,0,0,23,4,4,3,240,,0.8,30,,,50,0,0,0,0
5067,https://www.traderjoes.com/fearless-flyer/article/5067,Fall Leaf Tortilla Chips,2.99,14.0,Serving size 1oz (28g)/about 16 chips,0.21357142857142858,130,2,7,0,0.5,0,17,,,0,65,2,,,,,,0,0,0,0
5068,https://www.traderjoes.com/fearless-flyer/article/5068,Halloween Gummies,3.49,20.0,Serving size 1 mini bag (20g),0.17450000000000002,70,0,0,0,0,0,16,14,14,14,20,0,0,0,,,0,0,0,0,0
5069,https://www.traderjoes.com/fearless-flyer/article/5069,Hot Cocoa Dunkers,3.99,12.0,Serving size 2 cookies (36g),0.3325,170,2,8,0,5,0,25,13,13,12,95,1,1.7,90,,,0,0,0,0,0
5070,https://www.traderjoes.com/fearless-flyer/article/5070,Maple & Sea Salt Kettle Corn,2.49,7.0,Serving size 1 1/2 cups (30g),0.35571428571428576,150,1,8,0,5,0,21,13,13,13,160,1,,,,,,0,0,0,0
5071,https://www.traderjoes.com/fearless-flyer/article/5071,Roasted & Unsalted Hazelnuts,6.99,15.0,Serving size 1/4 cup (30g),0.466,190,5,19,0,1.5,0,5,1,1,0,0,3,,,,,,0,0,0,0
5072,https://www.traderjoes.com/fearless-flyer/article/5072,Apple Cider Hand Soap,2.99,,,,,,,,,,,,,,,,,,,,,,0,0,0
5073,https://www.traderjoes.com/fearless-flyer/article/5073,Ginger Ultra Moisturizing Hand Cream,4.99,,,,,,,,,,,,,,,,,,,,,,0,0,0
5074,https://www.traderjoes.com/fearless-flyer/article/5074,Pumpkin Flavored Dog Treats,3.49,,,,,,,,,,,,,,,,,,,,,,0,0,0
5075,https://www.traderjoes.com/fearless-flyer/article/5075,Pumpkin Spice Face Mask,2.99,,,,,,,,,,,,,,,,,,,,,,0,0,0
5076,https://www.traderjoes.com/fearless-flyer/article/5076,Howling Gourds Pumpkin Ale,6.99,,,,,,,,,,,,,,,,,,,,,,0,0,0
5077,https://www.traderjoes.com/fearless-flyer/article/5077,Kentucky Best Bourbon,11.99,,,,,,,,,,,,,,,,,,,,,,0,0,0
5078,https://www.traderjoes.com/fearless-flyer/article/5078,Kings of Prohibition,8.99,,,,,,,,,,,,,,,,,,,,,,0,0,0
5079,https://www.traderjoes.com/fearless-flyer/article/5079,Phigment Red Blend,5.99,,,,,,,,,,,,,,,,,,,,,,0,0,0
5084,https://www.traderjoes.com/fearless-flyer/article/5084,TJ's Platinum Reserve Cabernet Atlas Peak,14.99,,,,,,,,,,,,,,,,,,,,,,0,0,0
5085,https://www.traderjoes.com/fearless-flyer/article/5085,Organic Pumpkin Spice Granola Bark,3.99,6.0,Serving size 1.5 pieces (38g/1.3oz),0.665,150,4,6,0,2.5,0,20,6,6,,45,2,,,,,,0,0,0,0
5086,https://www.traderjoes.com/fearless-flyer/article/5086,Butter Toffee Virginia Peanuts,3.99,11.0,Serving size 1/4 cup (32g),0.36272727272727273,180,5,12,0,3,,14,11,11,,110,2,,,,,,0,0,0,0
5087,https://www.traderjoes.com/fearless-flyer/article/5087,Shaw Organic Pinot Grigio,3.99,,,,,,,,,,,,,,,,,,,,,,0,0,0
5088,https://www.traderjoes.com/fearless-flyer/article/5088,TJ's Petite Reserve Russian River Chardonnay,6.99,,,,,,,,,,,,,,,,,,,,,,0,0,0
5089,https://www.traderjoes.com/fearless-flyer/article/5089,TJ's Platinum Reserve Cabernet Mt. Veeder,14.99,,,,,,,,,,,,,,,,,,,,,,0,0,0
5090,https://www.traderjoes.com/fearless-flyer/article/5090,Humor Us,,,,,,,,,,,,,,,,,,,,,,,0,0,0
5091,https://www.traderjoes.com/fearless-flyer/article/5091,Beurre Chardonnay,6.99,,,,,,,,,,,,,,,,,,,,,,0,0,0
5092,https://www.traderjoes.com/fearless-flyer/article/5092,Everything But the Bagel Dip,1.99,,,,,,,,,,,,,,,,,,,,,,0,0,0
5093,https://www.traderjoes.com/fearless-flyer/article/5093,Sweet Balls of Fire,3.99,,,,,,,,,,,,,,,,,,,,,,0,0,0
5094,https://www.traderjoes.com/fearless-flyer/article/5094,Lemony Gin Refresher,2.99,,,,,,,,,,,,,,,,,,,,,,0,0,0
5095,https://www.traderjoes.com/fearless-flyer/article/5095,Sweetheart Smoothie,2.29,,,,,,,,,,,,,,,,,,,,,,0,0,0
5096,https://www.traderjoes.com/fearless-flyer/article/5096,Açai Smoothie Bowl,4.49,,,,,,,,,,,,,,,,,,,,,,0,0,0
5097,https://www.traderjoes.com/fearless-flyer/article/5097,Breakfast Tacos,2.29,,,,,,,,,,,,,,,,,,,,,,0,0,0
5098,https://www.traderjoes.com/fearless-flyer/article/5098,Pulled Jackfruit Sandwich,1.99,,,,,,,,,,,,,,,,,,,,,,0,0,0
5099,https://www.traderjoes.com/fearless-flyer/article/5099,1 Minute Lentil Salad,3.49,,,,,,,,,,,,,,,,,,,,,,0,0,0
5100,https://www.traderjoes.com/fearless-flyer/article/5100,Double-Dressed Arugula Burrata Salad,1.99,,,,,,,,,,,,,,,,,,,,,,0,0,0
5102,https://www.traderjoes.com/fearless-flyer/article/5102,Umami Turkey Burgers,2.99,,,,,,,,,,,,,,,,,,,,,,0,0,0
5103,https://www.traderjoes.com/fearless-flyer/article/5103,Sheet Pan Fajitas,5.99,,,,,,,,,,,,,,,,,,,,,,0,0,0
5104,https://www.traderjoes.com/fearless-flyer/article/5104,Mango Melba Shortcake,2.49,,,,,,,,,,,,,,,,,,,,,,0,0,0
5105,https://www.traderjoes.com/fearless-flyer/article/5105,Cookie Butter Sandwich,3.69,,,,,,,,,,,,,,,,,,,,,,0,0,1
5106,https://www.traderjoes.com/fearless-flyer/article/5106,Chimichurri Stir-Fry,3.99,,,,,,,,,,,,,,,,,,,,,,0,0,0
5107,https://www.traderjoes.com/fearless-flyer/article/5107,Oatmeal Cookie Oatmeal,3.69,,,,,,,,,,,,,,,,,,,,,,0,0,0
5108,https://www.traderjoes.com/fearless-flyer/article/5108,Tempeh with Mexican Style Corn & Quinoa Salad,4.99,,,,,,,,,,,,,,,,,,,,,,0,0,0
5109,https://www.traderjoes.com/fearless-flyer/article/5109,Chocolate Pecan Pie Bar,6.49,4.0,Serving size 1/4 tart (111g),1.6225,470,5,29,0,13,80,48,26,26,26,300,2,,,,,,0,0,0,0
5110,https://www.traderjoes.com/fearless-flyer/article/5110,Pumpkin Pie,5.99,6.0,Serving size 1/6 pie (128g),0.9983333333333334,420,6,16,0,8,25,62,33,33,29,390,1,,,,,,0,0,0,0
5111,https://www.traderjoes.com/fearless-flyer/article/5111,Holiday Herb Rolls,2.49,12.0,Serving size 1 roll (39g),0.20750000000000002,110,4,1,0,0.5,,19,,,,190,,,,,,,0,0,0,0
5112,https://www.traderjoes.com/fearless-flyer/article/5112,Organic Fair Trade Five Country Espresso,8.99,,,,,,,,,,,,,,,,,,,,,,0,0,1
5113,https://www.traderjoes.com/fearless-flyer/article/5113,Sparkling Cranberry Juice,2.99,3.0,Serving size 8 fl oz (240mL),0.9966666666666667,140,1,0,0,0,0,35,31,31,,20,0,,,,,,0,0,0,0
5114,https://www.traderjoes.com/fearless-flyer/article/5114,Cranberry Chevre,3.99,8.0,Serving size 1oz (28g),0.49875,80,4,6,0,4,10,3,3,3,,125,0,,,,,,0,0,0,0
5115,https://www.traderjoes.com/fearless-flyer/article/5115,Toscano Soaked in Syrah,9.99,,Serving size 1oz (28g),,110,7,9,0,5,25,0,0,0,,170,0,,,,,,0,0,0,0
5116,https://www.traderjoes.com/fearless-flyer/article/5116,Broccoli & Cauliflower Gratin,3.99,4.0,Serving size 1 cup (150g),0.9975,130,6,7,0,4,20,8,3,3,0,420,2,0.5,260,,,140,0,0,0,0
5117,https://www.traderjoes.com/fearless-flyer/article/5117,Cauliflower Tot Casserole,5.99,3.0,Serving size 1 cup frozen (141g),1.9966666666666668,270,7,17,0,8,40,24,4,4,0,560,2,,,,,,0,0,0,0
5118,https://www.traderjoes.com/fearless-flyer/article/5118,Cheesecake In a Bite,5.99,1.0,Serving size 4 pieces (89g),5.99,310,3,22,0,13,95,27,21,21,16,120,0,,,,,,0,0,0,0
5119,https://www.traderjoes.com/fearless-flyer/article/5119,Herbaceous Cheesy Bites,2.99,2.5,Serving size 5 bites (85g),1.1960000000000002,320,8,26,0,14,55,14,2,2,0,410,0,,,,,,0,0,0,0
5120,https://www.traderjoes.com/fearless-flyer/article/5120,Nantucket Style Cranberry Pie,5.99,,,,,,,,,,,,,,,,,,,,,,0,0,0
5121,https://www.traderjoes.com/fearless-flyer/article/5121,One Potato Two Potato Gratin,3.99,4.0,Serving size 1 cup frozen (129g),0.9975,150,5,7,0,4,20,16,7,7,0,370,2,,,,,,0,0,0,0
5122,https://www.traderjoes.com/fearless-flyer/article/5122,Pie Crusts,3.99,16.0,Serving size 1/8 crust (39g),0.249375,190,2,13,0,7,5,17,2,2,2,40,0,,,,,,0,0,0,0
5123,https://www.traderjoes.com/fearless-flyer/article/5123,Riced Cauliflower Stuffing,2.99,4.0,Serving size 1 cup (113g),0.7475,60,1,0,0,0,0,13,8,8,6,150,2,0.6,170,,,30,0,0,0,0
5124,https://www.traderjoes.com/fearless-flyer/article/5124,Turkey & Stuffing En Croute,12.99,8.0,Serving size 1/8th package (140g),1.62375,280,12,14,0,7,55,26,6,6,5,350,1,0.6,130,,,20,0,0,0,0
5125,https://www.traderjoes.com/fearless-flyer/article/5125,Condensed Cream of Portabella Soup,,2.5,Serving size 1 cup (118g),,80,2,4.5,0,3,15,9,1,1,,600,,,,,,,0,0,0,0
5126,https://www.traderjoes.com/fearless-flyer/article/5126,Cranberry Sauce,1.99,5.0,Serving size 1/4 cup (70g),0.398,,0,0,0,0,0,23,20,20,,0,2,,,,,,0,0,0,0
5127,https://www.traderjoes.com/fearless-flyer/article/5127,Gourmet Fried Onion Pieces,2.99,32.0,Serving size 2Tbsp (7g),0.0934375,45,0,3,0,1.5,0,3,0,0,,35,0,,,,,,0,0,0,0
5128,https://www.traderjoes.com/fearless-flyer/article/5128,Mini Marshmallows,2.99,10.0,Serving size 18 pieces (28g/1oz),0.29900000000000004,100,0,0,0,0,0,24,17,17,,20,0,,,,,,0,0,0,0
5129,https://www.traderjoes.com/fearless-flyer/article/5129,Organic Turkey Bone Broth,3.99,2.0,Serving size 1 cup (240mL),1.995,60,9,0,0,0,35,1,1,1,0,170,,,,,,,0,0,0,0
5130,https://www.traderjoes.com/fearless-flyer/article/5130,Stuffing Mixes,3.99,12.0,Serving size 1/2 cup dry mix (29g),0.3325,120,2,2,0,0,0,13,1,1,,340,,,,,,,0,0,0,0
5131,https://www.traderjoes.com/fearless-flyer/article/5131,Turkey Gravy,1.49,8.0,Serving size 1/4 cup (60g),0.18625,20,0,0.5,0,0,0,2,0,0,,230,0,,,,,,0,0,0,0
5132,https://www.traderjoes.com/fearless-flyer/article/5132,Turkey Stock,2.29,4.0,Serving size 1 cup (240mL),0.5725,15,1,0,0,0,0,2,1,1,,430,0,,,,,,0,0,0,0
5133,https://www.traderjoes.com/fearless-flyer/article/5133,18-Stem Bunches of Roses,8.99,,,,,,,,,,,,,,,,,,,,,,0,0,0
5134,https://www.traderjoes.com/fearless-flyer/article/5134,Broccoli & Cauliflower Sauté Kit,4.99,3.5,Serving size 1 cup (121g),1.4257142857142857,180,4,15,0,1.5,0,10,2,2,0,280,3,,,,,,0,0,0,0
5135,https://www.traderjoes.com/fearless-flyer/article/5135,Brussels Sprouts Stalk,,,,,,,,,,,,,,,,,,,,,,,0,0,1
5136,https://www.traderjoes.com/fearless-flyer/article/5136,Fall Table Topper,12.99,,,,,,,,,,,,,,,,,,,,,,0,0,0
5137,https://www.traderjoes.com/fearless-flyer/article/5137,Mirepoix,2.99,5.0,Serving size 1 cup (85g),0.5980000000000001,25,,0,0,0,0,6,3,,,45,2,,,,,,0,0,0,0
5138,https://www.traderjoes.com/fearless-flyer/article/5138,Premium Gold Potatoes,0.69,,,,,,,,,,,,,,,,,,,,,,0,0,0
5139,https://www.traderjoes.com/fearless-flyer/article/5139,Veggies & Green Salad Kit,3.99,4.0,Serving size 1 cup (100g/3.5oz),0.9975,120,3,6,0,1,0,14,9,9,6,200,3,0.9,300,,,50,0,0,0,0
5140,https://www.traderjoes.com/fearless-flyer/article/5140,Corn Pudding,4.99,,,,,,,,,,,,,,,,,,,,,,0,0,0
5141,https://www.traderjoes.com/fearless-flyer/article/5141,Cranberry Orange Relish,3.49,6.0,Serving size 1/4 cup (70g),0.5816666666666667,100,0,0,0,0,0,27,23,23,,0,2,,,,,,0,0,0,0
5142,https://www.traderjoes.com/fearless-flyer/article/5142,Fresh Cranberry Sauce,3.49,6.0,Serving size 1/4 cup (70g),0.5816666666666667,100,0,0,0,0,0,28,27,27,,0,1,,,,,,0,0,0,0
5143,https://www.traderjoes.com/fearless-flyer/article/5143,Fresh Turkeys,1.99,,Serving size 4oz (112g),,160,24,6,0,1.5,80,0,0,0,0,125,0,1,260,,,10,0,0,0,0
5144,https://www.traderjoes.com/fearless-flyer/article/5144,Harvest Grain Salad,4.99,4.0,Serving size 1/3 cup (100g),1.2475,100,3,2,0,0,0,19,7,7,,55,3,,,,,,0,0,0,0
5145,https://www.traderjoes.com/fearless-flyer/article/5145,Organic Savory Vegan Gravy,3.79,6.0,Serving size 1/4 cup (75g),0.6316666666666667,20,,1,0,0.5,0,3,0,0,0,270,0,,,,,,0,0,0,0
5146,https://www.traderjoes.com/fearless-flyer/article/5146,Spiral Sliced Uncured Hams,4.99,,Serving size 2oz glazed ham (56g),,110,11,7,0,2,40,2,,,,630,,,,,,,0,0,0,0
5147,https://www.traderjoes.com/fearless-flyer/article/5147,Brined Bone-In Half Turkey Breast,6.99,,Serving size 3oz (85g),,100,17,2.5,0,1,45,1,,,,390,0,0.5,180,,,10,0,0,0,0
5148,https://www.traderjoes.com/fearless-flyer/article/5148,Turkey Pot Pie,6.99,,,,,,,,,,,,,,,,,,,,,,0,0,0
5149,https://www.traderjoes.com/fearless-flyer/article/5149,Turkey-less Stuffed Roast,,6.0,Serving size 1/6 roast (123g),,300,26,12,0,2,0,22,4,4,0,600,3,1.4,200,,,40,0,0,0,0
5150,https://www.traderjoes.com/fearless-flyer/article/5150,A Flock of Milk Chocolate Turkeys,3.99,4.0,Serving size 1 turkey (30g),0.9975,160,2,9,0,6,0,18,17,17,15,10,,,,,,,0,0,0,0
5151,https://www.traderjoes.com/fearless-flyer/article/5151,Advent Calendars,,1.0,Serving size 24 pieces (50g/1.76oz),,260,3,16,0,10,,30,28,28,25,20,1,1.4,140,,,,0,0,0,0
5152,https://www.traderjoes.com/fearless-flyer/article/5152,Dried Cranberries,1.99,6.0,Serving size 1/4 cup (40g),0.33166666666666667,140,0,0.5,0,0,0,33,26,26,,5,2,,,,,,0,0,0,0
5153,https://www.traderjoes.com/fearless-flyer/article/5153,Gingerbread Turkey Kit,7.99,,,,,,,,,,,,,,,,,,,,,,0,0,0
5154,https://www.traderjoes.com/fearless-flyer/article/5154,Organic Cracker Assortment,3.99,2.0,Serving size 7 crackers (28g),1.995,110,2,3,0,0,0,19,0,0,0,105,1,,,,,,0,0,0,0
5155,https://www.traderjoes.com/fearless-flyer/article/5155,Raw Pecan Halves,4.99,8.0,Serving size 1/4 cup (30g/oz),0.62375,,3,22,0,2,0,4,1,1,,0,3,,,,,,0,0,0,0
5156,https://www.traderjoes.com/fearless-flyer/article/5156,Turkey and Stuffing Seasoned Kettle Chips,2.29,7.0,Serving size about 8 chips (28g/1oz),0.3271428571428571,140,2,7,0,0.5,0,17,0,0,,130,,,,,,,0,0,0,0
5157,https://www.traderjoes.com/fearless-flyer/article/5157,Advent Calendar for Cats,5.99,,,,,,,,,,,,,,,,,,,,,,0,0,0
5158,https://www.traderjoes.com/fearless-flyer/article/5158,Advent Calendar for Dogs,5.99,,,,,,,,,,,,,,,,,,,,,,0,0,0
5159,https://www.traderjoes.com/fearless-flyer/article/5159,Incanto Prosecco,12.99,,,,,,,,,,,,,,,,,,,,,,0,0,0
5160,https://www.traderjoes.com/fearless-flyer/article/5160,L’Éclat Blanc de Blancs,12.99,,,,,,,,,,,,,,,,,,,,,,0,0,0
5161,https://www.traderjoes.com/fearless-flyer/article/5161,Egg Nog Liqueur,7.99,,,,,,,,,,,,,,,,,,,,,,0,0,0
5162,https://www.traderjoes.com/fearless-flyer/article/5162,Petit Reserve Pinot Noir,7.99,,,,,,,,,,,,,,,,,,,,,,0,0,0
5163,https://www.traderjoes.com/fearless-flyer/article/5163,Stick Figure Red,8.99,,,,,,,,,,,,,,,,,,,,,,0,0,0
5164,https://www.traderjoes.com/fearless-flyer/article/5164,Vintage Ale,,,,,,,,,,,,,,,,,,,,,,,0,0,0
5165,https://www.traderjoes.com/fearless-flyer/article/5165,Cowboy Quinoa Bake,2.99,,,,,,,,,,,,,,,,,,,,,,0,0,0
5166,https://www.traderjoes.com/fearless-flyer/article/5166,Humor Us,,,,,,,,,,,,,,,,,,,,,,,0,0,0
5167,https://www.traderjoes.com/fearless-flyer/article/5167,Apple Caramel Slab Pie,6.99,5.0,Serving size 1/5 tart (130g),1.3980000000000001,380,,,,,,,,,,,,,,,,,,0,0,0
5168,https://www.traderjoes.com/fearless-flyer/article/5168,Raspberry Stars,4.99,18.0,Serving size 1 cookie (25g/0.9oz),0.27722222222222226,130,1,6,0,2.5,5,17,7,7,7,50,0,,,,,,0,0,0,0
5169,https://www.traderjoes.com/fearless-flyer/article/5169,Rustic Spice Cake,8.99,10.0,Serving size 1/10th cake (91g),0.899,360,2,12,0,5,40,60,45,45,43,200,,,,,,,0,0,0,0
5170,https://www.traderjoes.com/fearless-flyer/article/5170,"Egg Nog, Light Egg Nog & Almond Nog",2.99,1.0,Servings per container 8,2.99,180,5,9,0,5,65,20,20,20,,70,0,,,,,,0,0,0,0
5171,https://www.traderjoes.com/fearless-flyer/article/5171,Gingerbread Coffee,7.99,,,,,,,,,,,,,,,,,,,,,,0,0,0
5172,https://www.traderjoes.com/fearless-flyer/article/5172,Peppermint Hot Chocolate,4.99,8.0,Serving size 1 oz (28g),0.62375,140,1,7,0,5,0,18,15,15,,70,1,,,,,,0,0,0,0
5173,https://www.traderjoes.com/fearless-flyer/article/5173,Select Harvest Coffee from Brazil & Uganda,7.99,,,,,,,,,,,,,,,,,,,,,,0,0,0
5174,https://www.traderjoes.com/fearless-flyer/article/5174,Triple Ginger Brew,2.99,3.0,Serving size 8 fl oz (240mL),0.9966666666666667,100,0,0,,,,25,25,25,,10,,,,,,,,0,0,0
5175,https://www.traderjoes.com/fearless-flyer/article/5175,Winter Wassail,3.99,8.0,Serving size 8 fl oz (240mL),0.49875,100,0,0,0,0,0,26,25,25,,10,0,,45,,,,0,0,0,0
5176,https://www.traderjoes.com/fearless-flyer/article/5176,Double Crème Brie with Truffles,7.99,,Serving size 1 oz (28g),,100,4,9,0,6,30,0,0,0,,170,0,,,,,,0,0,0,0
5177,https://www.traderjoes.com/fearless-flyer/article/5177,Fig Goat Cheese Log,4.49,8.0,Serving size 1 oz (28g),0.56125,80,4,5,0,3,15,5,3,3,,65,0,,,,,,0,0,0,0
5178,https://www.traderjoes.com/fearless-flyer/article/5178,Fromage Pavé,4.99,7.0,Serving size 1 oz (28g/about 1 inch cube),0.7128571428571429,110,3,11,0,6,30,0,0,0,,110,0,,,,,,0,0,0,0
5179,https://www.traderjoes.com/fearless-flyer/article/5179,Horseradish Cheddar Cheese,9.99,,Serving size 1 oz (28g/ about 1 inch cube),,100,6,8,0,4,20,1,,,,190,0,,,,,,0,0,0,0
5180,https://www.traderjoes.com/fearless-flyer/article/5180,Le Rustique Camembert,5.99,8.0,Serving size 1oz (30g),0.74875,80,6,6,0,4.5,20,0,0,0,0,180,0,,,,,,0,0,0,0
5181,https://www.traderjoes.com/fearless-flyer/article/5181,Templar Roquefort,11.99,,Serving size 1oz (28g),,100,5,9,0,6,25,0,0,0,0,390,0,,,,,,0,0,0,0
5182,https://www.traderjoes.com/fearless-flyer/article/5182,Antipasto Assortment,10.99,1.0,Servings per container 4,10.99,100,8,7,0,2.5,25,0,0,0,0,360,0,0.3,120,,,10,0,0,0,0
5183,https://www.traderjoes.com/fearless-flyer/article/5183,Bacon-Wrapped Porchetta Pork Roast,6.99,,Serving size 4oz (112g),,280,18,23,0,7,65,1,0,0,,530,0,,,,,,0,0,0,0
5184,https://www.traderjoes.com/fearless-flyer/article/5184,Black Truffle Butter,2.99,6.0,Serving size 1 tablespoon (14g),0.49833333333333335,100,0,11,0,7,35,0,0,0,0,10,0,,,,,,0,0,0,0
5185,https://www.traderjoes.com/fearless-flyer/article/5185,Cornish Game Hens,3.99,4.5,Serving size 4oz (112g),0.8866666666666667,220,19,16,0,4.5,115,0,0,0,,70,0,,,,,,0,0,0,0
5186,https://www.traderjoes.com/fearless-flyer/article/5186,Chocolate Hummus,1.99,8.0,Serving size 2 Tbsp. (28g),0.24875,50,2,1.5,0,0,0,9,5,5,5,90,1,,,,,,0,0,0,1
5187,https://www.traderjoes.com/fearless-flyer/article/5187,Charcuterie Pinwheels,9.99,4.0,Serving size 6 pieces (85g),2.4975,240,20,17,0,9,60,2,,,0,700,0,,,,,,0,0,0,0
5188,https://www.traderjoes.com/fearless-flyer/article/5188,Cultured Coconut Milk Nog,1.49,1.0,Serving size 1 container (170g),1.49,170,,7,0,6,0,26,20,20,19,20,0,,,,,,0,0,0,0
5189,https://www.traderjoes.com/fearless-flyer/article/5189,Egg Nog Whole Milk Greek Yogurt,0.99,1.0,Serving size 1 container (150g/5.3 oz),0.99,180,11,7,0,4,80,18,15,15,12,60,0,,,,,,0,0,0,0
5190,https://www.traderjoes.com/fearless-flyer/article/5190,Everything But The Bagel Seasoned Smoked Salmon,5.49,2.0,Serving size 2 slices (56g),2.745,80,11,3.5,0,0,30,0,0,0,0,600,0,,,,,,0,0,0,1
5191,https://www.traderjoes.com/fearless-flyer/article/5191,Green Goddess Dip,3.99,12.0,Serving size 2 tablespoons (28g),0.3325,100,,10,0,2,10,,0,0,0,170,0,,,,,,0,0,0,0
5192,https://www.traderjoes.com/fearless-flyer/article/5192,Maple Bourbon Flavored Glazed Ham,5.99,,Serving size 3 oz (84g),,130,17,4.5,0,1.5,55,4,3,3,,630,0,,,,,,0,0,0,0
5193,https://www.traderjoes.com/fearless-flyer/article/5193,Mozzarella Rolloni,9.99,3.5,Serving size 5 pieces (85g),2.8542857142857145,270,21,20,0,5,75,2,0,0,0,940,1,,,,,,0,0,0,0
5194,https://www.traderjoes.com/fearless-flyer/article/5194,Les Petite Carrots of Many Colors,3.99,,,,,,,,,,,,,,,,,,,,,,0,0,0
5195,https://www.traderjoes.com/fearless-flyer/article/5195,Truffle Dip,4.99,8.0,Serving size 2 tablespoons (28g),0.62375,60,2,6,0,3,15,1,,,0,110,0,,,,,,0,0,0,0
5196,https://www.traderjoes.com/fearless-flyer/article/5196,"22"" Pine Cone Wreath",9.99,,,,,,,,,,,,,,,,,,,,,,0,0,0
5197,https://www.traderjoes.com/fearless-flyer/article/5197,Amaryllis Bulb in Wax,7.99,,,,,,,,,,,,,,,,,,,,,,0,0,0
5198,https://www.traderjoes.com/fearless-flyer/article/5198,Poinsettias,5.99,,,,,,,,,,,,,,,,,,,,,,0,0,0
5199,https://www.traderjoes.com/fearless-flyer/article/5199,Candy Cane Joe Joe's Ice Cream,2.99,3.0,Serving size 2/3 cup (117g),0.9966666666666667,290,3,17,0,8,30,38,33,33,28,85,1,,,,,,0,0,0,0
5200,https://www.traderjoes.com/fearless-flyer/article/5200,Cauliflower Pancakes & Potato Pancakes,2.49,3.0,Serving size 2 pieces (85g),0.8300000000000001,170,7,7,0,2.5,10,21,2,2,0,340,2,,,,,,0,0,0,0
5201,https://www.traderjoes.com/fearless-flyer/article/5201,Chocolate Lava Gnocchi,2.99,2.5,Serving size 1 cup (129g),1.1960000000000002,300,,,,,,,,,,,,,,,,,,0,0,0
5202,https://www.traderjoes.com/fearless-flyer/article/5202,Cornbread Bites,3.99,3.0,Serving size 4 pieces (99g),1.33,330,9,22,0,10,40,29,6,6,4,370,3,,,,,,0,0,0,0
5203,https://www.traderjoes.com/fearless-flyer/article/5203,Crispy Rice Salmon Bites,6.99,3.0,Serving size 4 pieces with 2 tablespoons of sauce (112g),2.33,280,,,,,,,,,,,,,,,,,,0,0,0
5204,https://www.traderjoes.com/fearless-flyer/article/5204,Crispy Vegetable Pouches,3.49,2.5,Serving size 5 pieces (80g),1.3960000000000001,200,3,10,0,2,0,25,2,2,0,430,2,,,,,,0,0,0,0
5205,https://www.traderjoes.com/fearless-flyer/article/5205,French Onion Soup Bites,4.49,3.0,Serving size 4 pieces (80g),1.4966666666666668,170,5,10,0,6,25,16,,,0,80,,,,,,,0,0,0,0
5206,https://www.traderjoes.com/fearless-flyer/article/5206,I Dream of Chocolate Cake,6.99,6.0,Serving size 1/6 cake (76g),1.165,250,3,13,0,7,45,31,22,22,21,75,2,,,,,,0,0,0,0
5207,https://www.traderjoes.com/fearless-flyer/article/5207,Jingle Jangle Ice Cream,2.99,3.0,Serving size 2/3 cup (113g),0.9966666666666667,290,4,18,0,10,65,30,27,27,23,80,,,,,,,0,0,0,0
5208,https://www.traderjoes.com/fearless-flyer/article/5208,Mini Brie En Croute,4.99,5.0,Serving size 2 pieces (56g/2oz),0.998,190,5,13,0,8,40,14,0,0,,270,0,,,,,,0,0,0,0
5209,https://www.traderjoes.com/fearless-flyer/article/5209,Mini Cheesecake Cones,3.99,4.0,Serving size 1 cone (50g),0.9975,210,3,13,0,5,15,21,14,14,13,30,1,,,,,,0,0,0,0
5210,https://www.traderjoes.com/fearless-flyer/article/5210,Mini Quiche Duo,3.99,3.0,Serving size 4 quiches (84g/2.96 oz),1.33,280,8,16,0,7,80,23,2,2,0,440,,,,,,,0,0,0,0
5211,https://www.traderjoes.com/fearless-flyer/article/5211,Hold the Cone! Peppermint,2.99,2.5,Serving size 3 cones (84g),1.1960000000000002,260,4,12,0,8,30,32,19,19,18,100,2,,,,,,0,0,0,0
5212,https://www.traderjoes.com/fearless-flyer/article/5212,Hold the Corn! Appetizers,3.99,3.0,Serving size 4 pieces (85g),1.33,150,2,5,0,2.5,0,25,3,3,2,320,3,,,,,,0,0,0,0
5213,https://www.traderjoes.com/fearless-flyer/article/5213,Pimento Cheese Puffs,4.99,3.0,Serving size 4 pieces (80g),1.6633333333333333,330,7,25,0.5,13,65,20,3,3,,370,1,,,,,,0.5,0,0,0
5214,https://www.traderjoes.com/fearless-flyer/article/5214,Scallops Wrapped in Uncured Bacon,6.99,3.0,Serving size 3 pieces (70g),2.33,180,5,14,0,4.5,30,5,4,4,,300,0,,,,,,0,0,0,0
5215,https://www.traderjoes.com/fearless-flyer/article/5215,Mini Stroopwafel Ice Cream Sandwiches,3.99,4.0,Serving size 2 sandwiches (56g),0.9975,200,2,9,0,5,25,27,17,17,16,20,0,,,,,,0,0,0,0
5216,https://www.traderjoes.com/fearless-flyer/article/5216,Black Truffle Alfredo Sauce,3.99,7.0,Serving size 1/4 cup (60g),0.5700000000000001,80,,7,0,3.5,15,5,,,0,340,2,,,,,,0,0,0,0
5217,https://www.traderjoes.com/fearless-flyer/article/5217,Blue Cheese Mustard,2.99,40.0,Serving size 1 tsp (5g),0.07475000000000001,10,0,0,0,0,0,,,,,75,0,,,,,,0,0,0,0
5218,https://www.traderjoes.com/fearless-flyer/article/5218,Chocolate Peppermint Loaf & Baking Mix,2.99,16.0,Serving size 1/16 pkg. dry mix (34g),0.186875,130,2,1.5,0,0.5,0,28,17,17,17,210,10,,,,,,0,0,0,0
5220,https://www.traderjoes.com/fearless-flyer/article/5220,Organic Italian Nocellara Olives,4.99,25.0,Serving size 3 olives (14g),0.1996,30,0,3,0,0.5,0,,0,0,0,125,,,,,,,0,0,0,0
5221,https://www.traderjoes.com/fearless-flyer/article/5221,Peppermint Mini Marshmallows,1.99,6.0,Serving size 1/3 cup (30g),0.33166666666666667,100,0,0,0,0,0,25,19,19,19,25,,,,,,,0,0,0,0
5222,https://www.traderjoes.com/fearless-flyer/article/5222,1-2-3 Mystery Bag Gift Set,2.99,,,,,,,,,,,,,,,,,,,,,,0,0,0
5223,https://www.traderjoes.com/fearless-flyer/article/5223,Beyond Your Basic Seasoning Blend Set,9.99,96.0,Serving size 1/4 tsp (0.5g),0.1040625,,0,0,,,,0,,,,30,,,,,,,,0,0,0
5224,https://www.traderjoes.com/fearless-flyer/article/5224,Body Butter Trio,7.99,,,,,,,,,,,,,,,,,,,,,,0,0,0
5225,https://www.traderjoes.com/fearless-flyer/article/5225,Candle Tin Trio,7.99,,,,,,,,,,,,,,,,,,,,,,0,0,0
5226,https://www.traderjoes.com/fearless-flyer/article/5226,Gingerbread Flavored Dog Biscuits,3.49,,,,,,,,,,,,,,,,,,,,,,0,0,0
5227,https://www.traderjoes.com/fearless-flyer/article/5227,Mediterranean Olive Oil Gift Set,9.99,17.0,Serving size 1 Tbsp (15mL),0.5876470588235294,120,0,14,0,2,,0,,,,0,,,,,,,0,0,0,0
5228,https://www.traderjoes.com/fearless-flyer/article/5228,Organic Naughty & Nice Dog Treats,5.99,,,,,,,,,,,,,,,,,,,,,,0,0,0
5229,https://www.traderjoes.com/fearless-flyer/article/5229,A Taste of Vermont Organic Maple Syrup Gift Set,9.99,13.0,Serving size 2Tbsp (30mL),0.7684615384615385,100,0,0,0,0,0,27,24,24,,0,0,,,,,,0,0,0,0
5230,https://www.traderjoes.com/fearless-flyer/article/5230,Lip Treatment Duo,3.99,,,,,,,,,,,,,,,,,,,,,,0,0,0
5231,https://www.traderjoes.com/fearless-flyer/article/5231,Peppermint Foaming Hand Soap,2.99,,,,,,,,,,,,,,,,,,,,,,0,0,0
5232,https://www.traderjoes.com/fearless-flyer/article/5232,Rainbow of Honey,9.99,32.0,Serving size 1 Tbsp (21g),0.3121875,60,0,0,,,,17,17,17,,0,,,,,,,,0,0,0
5233,https://www.traderjoes.com/fearless-flyer/article/5233,Trio of Cookie Baking Mixes,8.99,18.0,Serving size 1/8 pkg. dry mix (16g),0.49944444444444447,70,,1,0,0.5,0,13,8,8,7,55,,,,,,,0,0,0,0
5234,https://www.traderjoes.com/fearless-flyer/article/5234,Belgian Cookie Collection,9.99,33.0,Serving size 3 cookies (30g),0.30272727272727273,150,2,8,0,4.5,,19,11,11,11,45,,,,,,,0,0,0,0
5235,https://www.traderjoes.com/fearless-flyer/article/5235,Belgian Truffle Ballotin Box,3.49,4.0,Serving size 2 pieces (25g),0.8725,140,2,9,0,5,,13,12,12,10,20,1,,,,,,0,0,0,0
5236,https://www.traderjoes.com/fearless-flyer/article/5236,Cachet Premium Belgian Chocolates,9.99,12.0,Serving size 2 chocolates (27g),0.8325,140,1,8,0,5,,16,13,13,13,15,1,,,,,,0,0,0,0
5237,https://www.traderjoes.com/fearless-flyer/article/5237,Cheese Biscuit Duo,3.99,3.0,Serving size 7 pieces (28g),1.33,150,4,10,0,4.5,20,12,0,0,0,270,,,,,,,0,0,0,0
5238,https://www.traderjoes.com/fearless-flyer/article/5238,Astounding Multi-Flavor Joe-Joe’s,6.99,24.0,Serving size 1 cookie (25g),0.29125,130,1,7,0,3,0,16,11,11,11,55,,,,,,,0,0,0,0
5239,https://www.traderjoes.com/fearless-flyer/article/5239,Chocolate Ornaments,6.99,13.0,Serving size 2 pieces (24g),0.5376923076923077,130,1,8,0,5,5,14,13,13,11,15,,,,,,,0,0,0,0
5240,https://www.traderjoes.com/fearless-flyer/article/5240,Coins of the World,1.99,2.5,Serving size 1.5oz (42g),0.796,240,4,15,0,10,5,25,16,16,,35,1,,,,,,0,0,0,0
5241,https://www.traderjoes.com/fearless-flyer/article/5241,"Cookies, Wafers, & Florentines ...Oh My!",3.99,8.0,Serving size 4 cookies (30g),0.49875,150,2,7,0,4.5,20,20,14,14,14,55,0,,,,,,0,0,0,0
5242,https://www.traderjoes.com/fearless-flyer/article/5242,Dark Chocolate Orange,2.99,5.0,Serving size 4 segments (31g),0.5980000000000001,170,2,10,0,6,0,19,16,16,16,0,2,,,,,,0,0,1,1
5243,https://www.traderjoes.com/fearless-flyer/article/5243,Dutch Stroopwafels,2.99,8.0,Serving size 1 cookie (40g),0.37375,190,1,10,0,5,10,25,14,14,13,115,0,,,,,,0,0,0,0
5244,https://www.traderjoes.com/fearless-flyer/article/5244,D.Y.O. Ornament Cookie Kit,5.99,16.0,Serving size 1/2 decorated cookie (37g),0.374375,150,,4,0,2,0,27,19,19,19,40,0,,,,,,0,0,0,0
5245,https://www.traderjoes.com/fearless-flyer/article/5245,Ginger Snowballs,3.99,9.0,Serving size 4 cookies (32g),0.44333333333333336,190,1,5,0,3,15,25,17,17,17,45,0,,,,,,0,0,0,0
5246,https://www.traderjoes.com/fearless-flyer/article/5246,Gingerbread Crisps,3.99,9.0,Serving size 3 crisps (16g),0.44333333333333336,40,,0,0,0,0,9,4,4,4,70,0,,,,,,0,0,0,0
5247,https://www.traderjoes.com/fearless-flyer/article/5247,Half Dipped Chocolate Biscotti,5.99,6.0,Serving size 1 piece (33g),0.9983333333333334,160,3,8,0,3,20,20,11,11,10,50,1,,,,,,0,0,0,0
5249,https://www.traderjoes.com/fearless-flyer/article/5249,Jingle Jangle,8.99,19.0,Serving size 1/3 cup (34g),0.4731578947368421,170,2,9,0,5,,21,17,17,,75,1,,,,,,0,0,0,0
5250,https://www.traderjoes.com/fearless-flyer/article/5250,Nuts About Rosemary Mix,6.99,11.0,Serving size 1/4 cup (30g),0.6354545454545455,180,5,16,0,1.5,0,6,2,2,,140,3,,,,,,0,0,0,0
5251,https://www.traderjoes.com/fearless-flyer/article/5251,Organic Pitted Medjool Dates,5.49,9.0,Serving size 3 dates (40g),0.61,120,,0,0,0,0,29,26,26,0,0,3,,,,,,0,0,0,1
5252,https://www.traderjoes.com/fearless-flyer/article/5252,Oven-Baked Truffle Cheese Bites,2.99,2.0,Serving size 1oz (28g),1.495,160,12,12,0,8,35,1,0,0,0,190,0,,,,,,0,0,0,0
5253,https://www.traderjoes.com/fearless-flyer/article/5253,Over the River & Through the Wood Trek Mix,4.99,10.0,Serving size 1/4 cup (30g),0.499,150,4,10,0,1.5,0,14,9,9,7,80,2,,,,,,0,0,0,0
5254,https://www.traderjoes.com/fearless-flyer/article/5254,Panettone,4.99,9.0,Serving size 1/9 cake (83g),0.5544444444444445,300,6,11,0,17,110,44,21,21,,140,2,,,,,,0,0,0,0
5255,https://www.traderjoes.com/fearless-flyer/article/5255,Step Up to the Snack Bar Mix,4.99,11.0,Serving size 1/3 cup (30g),0.45363636363636367,160,3,9,0,1.5,0,15,2,2,2,180,1,,,,,,0,0,0,0
5256,https://www.traderjoes.com/fearless-flyer/article/5256,Blended Scotch Whisky,9.99,,,,,,,,,,,,,,,,,,,,,,0,0,0
5257,https://www.traderjoes.com/fearless-flyer/article/5257,Cocoa Cream Liqueur,8.99,,,,,,,,,,,,,,,,,,,,,,0,0,0
5258,https://www.traderjoes.com/fearless-flyer/article/5258,Campanology Pastry Stouts,3.99,,,,,,,,,,,,,,,,,,,,,,0,0,0
5259,https://www.traderjoes.com/fearless-flyer/article/5259,Grand Reserve Carneros Pinot Noir,12.99,,,,,,,,,,,,,,,,,,,,,,0,0,0
5260,https://www.traderjoes.com/fearless-flyer/article/5260,Platinum Reserve Rutherford Cabernet,14.99,,,,,,,,,,,,,,,,,,,,,,0,0,0
5261,https://www.traderjoes.com/fearless-flyer/article/5261,Puerta de Plata Reserva,7.99,,,,,,,,,,,,,,,,,,,,,,0,0,0
5262,https://www.traderjoes.com/fearless-flyer/article/5262,Tempest Bay Chardonnay,7.99,,,,,,,,,,,,,,,,,,,,,,0,0,0
5263,https://www.traderjoes.com/fearless-flyer/article/5263,Trader Joe's Reserve North Coast Brut,9.99,,,,,,,,,,,,,,,,,,,,,,0,0,0
5264,https://www.traderjoes.com/fearless-flyer/article/5264,Festive Chocolate Collection,3.99,3.5,Serving size 2 pieces (28g),1.1400000000000001,150,2,9,0,6,,15,14,14,13,15,,,,,,,0,0,0,0
5265,https://www.traderjoes.com/fearless-flyer/article/5265,Lebkuchen,2.69,7.0,Serving size 1 cookie (29g),0.3842857142857143,110,2,4,0,0,,18,13,13,12,55,2,,,,,,0,0,0,0
5266,https://www.traderjoes.com/fearless-flyer/article/5266,English Toffee with Nuts,9.99,23.0,Serving size 3 pieces (36g),0.43434782608695655,200,2,14,0,6,15,18,16,16,16,45,1,,,,,,0,0,0,0
5267,https://www.traderjoes.com/fearless-flyer/article/5267,Horseradish & Chive Ridge Cut Potato Chips,2.29,7.0,Serving size 1oz (28g/about 12 chips),0.3271428571428571,150,2,8,0,3.5,0,21,0,0,,160,0,,,,,,0,0,0,0
5268,https://www.traderjoes.com/fearless-flyer/article/5268,Artichoke & Jalapeño Dip,3.69,9.0,Serving size 2 tablespoons (30g),0.41,60,3,4,0,2.5,15,2,0,0,,130,0,,,,,,0,0,0,0
5269,https://www.traderjoes.com/fearless-flyer/article/5269,Dark Chocolate Stars,3.99,16.0,Serving size 4 cookies (28g/1oz),0.249375,140,1,7,0,3.5,0,19,11,11,,45,1,,,,,,0,0,0,0
